,price,manufacturer,graphics_copressor,ram,num_processors,touchable,ips,ppi,cpu_name,memory,os
0,2287.0,Microsoft,NVIDIA,8,4,1,0,267.07787225659183,Intel Core i7,256,Windows
1,2999.0,Microsoft,NVIDIA,16,4,1,0,240.37008503093264,Intel Core i7,256,Windows
2,2995.0,Dell,NVIDIA,64,24,0,0,141.21199808219862,Intel Core i9,2048,Windows
3,1999.0,Dell,NVIDIA,8,14,0,0,141.50971698084905,Intel Core i7,1024,Windows
4,2999.0,Microsoft,NVIDIA,16,4,0,0,240.37008503093264,Intel Core i7,1024,Windows
5,2563.0,Dell,NVIDIA,32,24,0,0,141.21199808219862,Intel Core i9,1024,Windows
6,3599.0,Samsung,NVIDIA,32,16,0,0,212.2645754712736,Intel Core i9,1024,Windows
7,4138.0,Microsoft,NVIDIA,32,4,1,0,259.59969183340723,Intel Core i7,1024,Windows
8,2698.0,Dell,NVIDIA,48,24,0,0,141.21199808219862,Intel Core i9,1024,Windows
9,2599.0,Microsoft,NVIDIA,16,8,1,0,152.9796645890485,Intel Core i7,512,Windows
10,2127.0,Microsoft,NVIDIA,8,4,1,0,267.07787225659183,Intel Core i5,256,Windows
11,3829.0,Lenovo,NVIDIA,64,6,1,0,282.42399616439724,Other Intel Processor,3072,Windows
12,2499.0,Lenovo,NVIDIA,64,8,0,0,188.28266410959816,AMD Ryzen 7,3072,Windows
13,3373.0,Lenovo,NVIDIA,64,8,0,1,188.67962264113208,AMD Ryzen 7,3072,Windows
14,1439.0,Lenovo,NVIDIA,64,6,0,0,141.21199808219862,AMD Ryzen 5,3072,Windows
15,2631.0,Lenovo,NVIDIA,64,14,0,1,141.21199808219862,Intel Core i7,3072,Windows
16,1346.0,Lenovo,NVIDIA,8,1,0,0,141.21199808219862,AMD Ryzen 5,256,Windows
17,919.0,Lenovo,NVIDIA,8,1,0,0,127.33567457123111,AMD Ryzen 5,256,Windows
18,4771.0,Lenovo,NVIDIA,16,14,0,0,275.3633962602873,Intel Core i9,2048,Windows
19,3449.0,Lenovo,NVIDIA,32,6,1,0,282.42399616439724,Other Intel Processor,2048,Windows
20,3279.0,Lenovo,NVIDIA,32,24,0,1,188.67962264113208,Intel Core i9,2048,Windows
21,2779.0,Lenovo,NVIDIA,32,16,0,1,188.67962264113208,Intel Core i7,2048,Windows
22,1249.0,Lenovo,NVIDIA,32,6,0,0,141.21199808219862,AMD Ryzen 5,2048,Windows
23,1179.0,Lenovo,NVIDIA,32,6,0,0,141.21199808219862,AMD Ryzen 5,2048,Windows
24,1429.0,Lenovo,NVIDIA,32,8,0,0,141.21199808219862,AMD Ryzen 5,2048,Windows
25,2982.0,Lenovo,NVIDIA,48,16,0,1,188.67962264113208,Intel Core i7,2048,Windows
26,2649.0,Lenovo,NVIDIA,64,8,0,0,183.5755975068582,AMD Ryzen 9,2048,Windows
27,2849.0,Lenovo,NVIDIA,64,8,0,0,183.5755975068582,AMD Ryzen 9,2048,Windows
28,2299.0,Lenovo,NVIDIA,64,8,0,0,188.28266410959816,AMD Ryzen 7,2048,Windows
30,2399.0,Lenovo,NVIDIA,64,8,0,0,183.5755975068582,AMD Ryzen 7,2048,Windows
31,2949.0,Lenovo,NVIDIA,64,8,0,0,188.67962264113208,AMD Ryzen 7,2048,Windows
32,2169.0,Lenovo,NVIDIA,64,8,0,1,141.21199808219862,AMD Ryzen 7,2048,Windows
33,1329.0,Lenovo,NVIDIA,64,6,0,0,141.21199808219862,AMD Ryzen 5,2048,Windows
34,1279.0,Lenovo,NVIDIA,64,6,0,0,141.21199808219862,AMD Ryzen 5,2048,Windows
35,1599.0,Asus,NVIDIA,16,10,0,0,193.5175616832124,Intel Core i7,1024,Windows
36,3346.0,Lenovo,NVIDIA,16,24,0,1,188.67962264113208,Intel Core i9,1024,Windows
37,2249.0,Lenovo,NVIDIA,16,14,0,0,188.67962264113208,Intel Core i7,1024,Windows
38,2415.0,Lenovo,NVIDIA,16,16,0,1,188.67962264113208,Intel Core i7,1024,Windows
39,1304.0,Lenovo,NVIDIA,16,8,0,0,141.21199808219862,Intel Core i5,1024,Windows
40,1514.0,Lenovo,NVIDIA,16,12,0,0,188.67962264113208,Intel Core i5,1024,Windows
41,1689.0,Lenovo,NVIDIA,16,8,0,1,141.21199808219862,AMD Ryzen 7,1024,Windows
42,1089.0,Lenovo,NVIDIA,16,6,0,0,141.21199808219862,AMD Ryzen 5,1024,Windows
43,2550.0,Lenovo,NVIDIA,32,16,0,1,188.67962264113208,Intel Core i7,1024,Windows
44,1999.0,Lenovo,NVIDIA,32,8,0,0,188.28266410959816,AMD Ryzen 7,1024,Windows
45,1079.0,Lenovo,NVIDIA,32,6,0,0,141.21199808219862,AMD Ryzen 5,1024,Windows
46,1179.0,Lenovo,NVIDIA,32,6,0,0,141.21199808219862,AMD Ryzen 5,1024,Windows
47,799.0,Dell,NVIDIA,16,1,0,0,157.3505121487356,Intel Core i5,256,Windows
48,3999.0,Asus,NVIDIA,32,24,0,0,188.67962264113208,Intel Core i9,1024,Windows
49,1199.0,Dell,NVIDIA,16,10,0,0,141.21199808219862,Intel Core i7,512,Windows
50,949.0,Dell,NVIDIA,8,8,0,0,141.21199808219862,Intel Core i7,256,Windows
51,846.0,Dell,NVIDIA,8,6,0,0,141.21199808219862,Intel Core i5,256,Windows
52,2299.0,Asus,NVIDIA,16,10,0,0,141.50971698084905,Intel Core i7,2048,Windows
53,4507.0,Asus,NVIDIA,32,14,0,0,188.67962264113208,Intel Core i9,2048,Windows
54,3399.0,Asus,NVIDIA,32,24,0,0,141.50971698084905,Intel Core i9,2048,Windows
56,5007.0,Asus,NVIDIA,32,16,0,0,127.33567457123111,AMD Ryzen 9,2048,Windows
57,3099.0,Asus,NVIDIA,32,12,0,0,130.87603882621877,AMD Ryzen 9,2048,Windows
58,3599.0,Asus,NVIDIA,64,24,0,0,141.50971698084905,Intel Core i9,2048,Windows
59,3299.0,Asus,NVIDIA,64,14,0,0,183.5755975068582,Intel Core i9,2048,Windows
60,2199.0,Acer,NVIDIA,16,14,0,1,141.21199808219862,Intel Core i7,2048,Windows
61,1559.0,Dell,NVIDIA,16,8,0,0,141.21199808219862,AMD Ryzen 9,2048,Windows
62,3409.0,Acer,NVIDIA,32,24,0,0,188.67962264113208,Intel Core i9,2048,Windows
63,2199.0,Acer,NVIDIA,32,14,0,1,141.21199808219862,Intel Core i7,2048,Windows
64,3559.0,Acer,NVIDIA,64,24,0,0,188.67962264113208,Intel Core i9,2048,Windows
65,2119.0,Dell,NVIDIA,64,14,0,0,141.21199808219862,Intel Core i7,2048,Windows
66,1099.0,Acer,NVIDIA,16,1,0,1,141.21199808219862,AMD Ryzen 7,1024,Windows
67,2307.0,Asus,NVIDIA,6,14,0,0,188.67962264113208,Intel Core i9,1024,Windows
68,2298.0,Asus,NVIDIA,16,14,0,0,225.28910166105322,Intel Core i9,1024,Windows
69,1899.0,Asus,NVIDIA,16,14,0,0,141.21199808219862,Intel Core i9,1024,Windows
70,2059.0,Asus,NVIDIA,16,14,0,0,141.50971698084905,Intel Core i7,1024,Windows
71,2199.0,Asus,NVIDIA,16,8,0,0,225.28910166105322,AMD Ryzen 9,1024,Windows
72,3718.0,Asus,NVIDIA,16,8,0,0,209.8006828649808,AMD Ryzen 9,1024,Windows
73,2659.0,Asus,NVIDIA,16,16,0,0,169.78089942830815,AMD Ryzen 9,1024,Windows
74,1599.0,Asus,NVIDIA,16,24,0,0,141.21199808219862,AMD Ryzen 7,1024,Windows
75,2015.0,Asus,NVIDIA,16,8,0,0,127.33567457123111,AMD Ryzen 7,1024,Windows
76,3299.0,Asus,NVIDIA,32,24,0,0,141.50971698084905,Intel Core i9,1024,Windows
77,3999.0,Asus,NVIDIA,32,14,0,0,205.5164227014474,Intel Core i9,1024,Windows
78,2619.0,Asus,NVIDIA,32,8,0,0,209.8006828649808,AMD Ryzen 9,1024,Windows
79,3099.0,Asus,NVIDIA,32,12,0,0,169.78089942830815,AMD Ryzen 9,1024,Windows
80,1699.0,Asus,NVIDIA,32,8,0,0,141.21199808219862,AMD Ryzen 7,1024,Windows
81,3214.0,Acer,NVIDIA,16,24,0,0,188.67962264113208,Intel Core i9,1024,Windows
82,1999.0,Acer,NVIDIA,16,14,0,1,141.21199808219862,Intel Core i7,1024,Windows
83,1544.0,Dell,NVIDIA,16,14,0,0,188.28266410959816,Intel Core i7,1024,Windows
84,3324.0,Acer,NVIDIA,32,24,0,0,188.67962264113208,Intel Core i9,1024,Windows
85,1862.0,Acer,NVIDIA,32,8,0,1,141.21199808219862,Intel Core i7,1024,Windows
86,1934.0,Dell,NVIDIA,32,14,0,0,141.21199808219862,Intel Core i7,1024,Windows
87,1469.0,Dell,NVIDIA,32,8,0,0,141.21199808219862,AMD Ryzen 9,1024,Windows
88,2299.0,Acer,NVIDIA,64,14,0,1,141.21199808219862,Intel Core i7,1024,Windows
89,1566.0,Acer,NVIDIA,16,14,0,0,161.72539083525606,Intel Core i7,512,Windows
90,829.0,Dell,NVIDIA,8,6,0,0,141.21199808219862,Intel Core i5,256,Windows
91,1599.0,Asus,NVIDIA,16,14,0,0,193.5175616832124,Intel Core i9,1024,Windows
93,1499.0,HP,NVIDIA,16,10,0,0,137.68169813014364,Intel Core i7,1024,Windows
94,1249.0,HP,NVIDIA,16,14,0,0,137.68169813014364,Intel Core i7,1024,Windows
95,2847.0,Acer,NVIDIA,64,10,0,1,141.50971698084905,Intel Core i7,3072,Windows
97,2914.0,Acer,NVIDIA,64,10,0,1,141.50971698084905,Intel Core i7,3072,Windows
98,3130.0,Acer,NVIDIA,64,16,0,1,141.50971698084905,Intel Core i7,3072,Windows
99,1379.0,Asus,NVIDIA,8,6,0,1,127.33567457123111,Intel Core i5,512,Windows
100,1799.0,Asus,NVIDIA,16,14,0,0,211.81799712329794,Intel Core i9,512,Windows
101,1099.0,Asus,NVIDIA,16,14,0,0,141.21199808219862,Intel Core i7,512,Windows
102,1949.0,Asus,NVIDIA,16,14,0,0,141.21199808219862,Intel Core i7,512,Windows
103,2449.0,Asus,NVIDIA,16,8,0,0,209.8006828649808,AMD Ryzen 9,512,Windows
104,1989.0,Asus,NVIDIA,16,8,1,0,174.50138510162503,AMD Ryzen 7,512,Windows
105,1518.0,Asus,NVIDIA,16,8,0,0,141.21199808219862,AMD Ryzen 7,512,Windows
106,1349.0,Asus,NVIDIA,16,6,0,0,127.33567457123111,AMD Ryzen 5,512,Windows
107,1281.0,Asus,NVIDIA,16,6,0,1,127.33567457123111,AMD Ryzen 5,512,Windows
108,1799.0,Asus,NVIDIA,16,8,0,1,127.33567457123111,AMD Ryzen 7,512,Windows
109,1506.0,Acer,NVIDIA,16,8,0,0,157.3505121487356,AMD Ryzen 7,512,Windows
110,1348.0,Acer,NVIDIA,8,8,0,0,141.21199808219862,Intel Core i7,512,Windows
111,2179.0,Acer,NVIDIA,8,6,0,1,127.33567457123111,Intel Core i7,512,Windows
112,959.0,HP,NVIDIA,8,8,0,0,141.21199808219862,Intel Core i5,512,Windows
114,799.0,HP,NVIDIA,8,8,0,0,141.21199808219862,Intel Core i5,512,Windows
115,1375.0,Acer,NVIDIA,8,8,0,1,127.33567457123111,Intel Core i5,512,Windows
116,1294.0,Dell,NVIDIA,8,6,0,1,141.21199808219862,AMD Ryzen 5,512,Windows
117,1349.0,Acer,NVIDIA,12,1,0,0,141.21199808219862,Intel Core i5,512,Windows
118,2348.0,Microsoft,NVIDIA,16,4,0,0,240.37008503093264,Intel Core i7,512,Windows
119,1606.0,Acer,NVIDIA,16,8,0,1,141.21199808219862,Intel Core i7,512,Windows
120,1470.0,Acer,NVIDIA,16,8,0,0,141.21199808219862,Intel Core i7,512,Windows
121,1899.0,Acer,NVIDIA,16,14,0,1,141.21199808219862,Intel Core i7,512,Windows
122,1869.0,Acer,NVIDIA,16,6,0,1,141.21199808219862,Intel Core i7,512,Windows
123,1749.0,Acer,NVIDIA,16,8,0,1,141.21199808219862,Intel Core i7,512,Windows
124,2199.0,Acer,NVIDIA,16,6,0,1,141.21199808219862,Intel Core i7,512,Windows
125,1469.0,Samsung,NVIDIA,16,6,0,0,141.21199808219862,Intel Core i7,512,Windows
126,1399.0,Dell,NVIDIA,16,14,0,0,188.67962264113208,Intel Core i7,512,Windows
127,1915.0,Dell,NVIDIA,16,14,0,0,226.4155471693585,Intel Core i7,512,Windows
128,2047.0,Samsung,NVIDIA,16,1,0,0,137.68169813014364,Intel Core i7,512,Windows
129,1579.0,Acer,NVIDIA,16,4,0,1,141.21199808219862,Intel Core i5,512,Windows
130,1199.0,Acer,NVIDIA,16,8,0,1,141.21199808219862,Intel Core i5,512,Windows
131,1129.0,HP,NVIDIA,16,8,0,0,141.21199808219862,Intel Core i5,512,Windows
132,1379.0,Acer,NVIDIA,16,12,0,0,127.33567457123111,Intel Core i5,512,Windows
133,1522.0,Acer,NVIDIA,16,8,0,0,157.3505121487356,AMD Ryzen 7,512,Windows
134,1699.0,Acer,NVIDIA,16,8,0,0,188.28266410959816,AMD Ryzen 7,512,Windows
135,1281.0,Dell,NVIDIA,16,6,0,0,141.21199808219862,AMD Ryzen 5,512,Windows
136,999.0,HP,NVIDIA,16,6,0,0,141.21199808219862,AMD Ryzen 5,512,Windows
137,1299.0,Dell,NVIDIA,32,14,0,0,188.67962264113208,Intel Core i7,512,Windows
138,999.0,Acer,NVIDIA,32,8,0,0,141.21199808219862,Intel Core i5,512,Windows
139,1699.0,Acer,NVIDIA,32,12,0,1,141.21199808219862,Intel Core i5,512,Windows
140,1628.0,Acer,NVIDIA,32,6,0,1,127.33567457123111,AMD Ryzen 5,512,Windows
141,2307.0,Asus,NVIDIA,40,10,0,0,141.21199808219862,Intel Core i7,3072,Windows
142,2199.0,Asus,NVIDIA,40,10,0,0,141.21199808219862,Intel Core i7,3072,Windows
143,2266.0,Asus,NVIDIA,40,10,0,0,141.21199808219862,Intel Core i7,3072,Windows
144,2239.0,Asus,NVIDIA,40,10,0,0,141.21199808219862,Intel Core i7,3072,Windows
145,3799.0,Asus,NVIDIA,64,24,0,0,141.50971698084905,Intel Core i9,3072,Windows
146,2349.0,Asus,NVIDIA,64,14,0,0,141.21199808219862,Intel Core i7,3072,Windows
147,3599.0,Asus,NVIDIA,64,12,0,0,169.78089942830815,AMD Ryzen 9,3072,Windows
148,3499.0,Asus,NVIDIA,64,12,0,0,130.87603882621877,AMD Ryzen 9,3072,Windows
149,2449.0,Asus,NVIDIA,64,8,0,0,127.33567457123111,AMD Ryzen 7,3072,Windows
150,1849.0,Asus,NVIDIA,64,6,0,0,127.33567457123111,AMD Ryzen 5,3072,Windows
151,2199.0,Acer,NVIDIA,32,10,0,0,141.50971698084905,Intel Core i7,3072,Windows
152,5169.0,Dell,NVIDIA,32,14,0,1,266.3712319639512,Intel Core i7,3072,Windows
153,5304.0,Dell,NVIDIA,48,14,0,1,266.3712319639512,Intel Core i7,3072,Windows
154,3049.0,Dell,NVIDIA,64,24,0,0,141.21199808219862,Intel Core i9,3072,Windows
155,3778.0,Dell,NVIDIA,64,24,0,0,188.67962264113208,Intel Core i9,3072,Windows
156,3738.0,Dell,NVIDIA,64,24,0,0,188.67962264113208,Intel Core i9,3072,Windows
157,2319.0,Acer,NVIDIA,64,14,0,0,161.72539083525606,Intel Core i7,3072,Windows
158,3049.0,Dell,NVIDIA,64,14,0,1,145.1381712624093,Intel Core i7,3072,Windows
159,2739.0,Acer,NVIDIA,64,14,0,1,141.50971698084905,Intel Core i7,3072,Windows
160,3684.0,Dell,NVIDIA,64,16,0,1,188.67962264113208,Intel Core i7,3072,Windows
161,2658.0,Dell,NVIDIA,64,10,0,0,141.50971698084905,Intel Core i7,3072,Windows
162,5155.0,Dell,NVIDIA,64,14,1,0,266.3712319639512,Intel Core i7,3072,Windows
163,1956.0,Acer,NVIDIA,64,12,0,0,141.21199808219862,Intel Core i5,3072,Windows
164,1899.0,Acer,NVIDIA,64,12,0,0,127.33567457123111,Intel Core i5,3072,Windows
165,2239.0,Acer,NVIDIA,64,8,0,1,127.33567457123111,Intel Core i5,3072,Windows
166,2307.0,Acer,NVIDIA,64,8,0,1,127.33567457123111,Intel Core i5,3072,Windows
167,2249.0,Acer,NVIDIA,64,8,0,0,188.28266410959816,AMD Ryzen 7,3072,Windows
168,2671.0,Acer,NVIDIA,64,8,0,1,127.33567457123111,AMD Ryzen 7,3072,Windows
169,2739.0,Acer,NVIDIA,64,8,0,1,127.33567457123111,AMD Ryzen 7,3072,Windows
170,1149.0,Acer,NVIDIA,8,4,0,1,141.21199808219862,Intel Core i5,256,Windows
171,1174.0,Acer,NVIDIA,8,4,0,1,141.21199808219862,Intel Core i5,256,Windows
172,1499.0,Acer,NVIDIA,8,8,0,0,188.28266410959816,AMD Ryzen 7,256,Windows
173,903.0,Acer,NVIDIA,8,6,0,1,141.21199808219862,AMD Ryzen 5,256,Windows
174,1149.0,Acer,NVIDIA,16,4,0,0,141.21199808219862,Intel Core i5,256,Windows
175,1599.0,Acer,NVIDIA,16,8,0,0,188.28266410959816,AMD Ryzen 7,256,Windows
176,1199.0,Acer,NVIDIA,32,4,0,0,141.21199808219862,Intel Core i5,256,Windows
177,2099.0,Asus,NVIDIA,32,14,0,0,141.21199808219862,Intel Core i7,2048,Windows
178,1969.0,Asus,NVIDIA,32,10,0,0,141.21199808219862,Intel Core i7,2048,Windows
179,1949.0,Asus,NVIDIA,32,10,0,0,188.67962264113208,Intel Core i7,2048,Windows
180,1899.0,Asus,NVIDIA,32,8,0,0,188.28266410959816,AMD Ryzen 7,2048,Windows
181,2199.0,Asus,NVIDIA,32,8,0,0,127.33567457123111,AMD Ryzen 7,2048,Windows
182,1649.0,Asus,NVIDIA,32,6,0,0,127.33567457123111,AMD Ryzen 5,2048,Windows
183,1969.0,Asus,NVIDIA,40,10,0,0,141.21199808219862,Intel Core i7,2048,Windows
184,2037.0,Asus,NVIDIA,40,10,0,0,141.21199808219862,Intel Core i7,2048,Windows
186,2199.0,Asus,NVIDIA,64,14,0,0,141.21199808219862,Intel Core i7,2048,Windows
187,1999.0,Asus,NVIDIA,64,8,0,0,188.28266410959816,AMD Ryzen 7,2048,Windows
188,2299.0,Asus,NVIDIA,64,8,0,0,127.33567457123111,AMD Ryzen 7,2048,Windows
189,1699.0,Asus,NVIDIA,64,6,0,0,127.33567457123111,AMD Ryzen 5,2048,Windows
190,2428.0,Acer,NVIDIA,16,8,0,1,174.50138510162503,AMD Ryzen 7,2048,Windows
191,1829.0,Samsung,NVIDIA,24,6,0,0,141.21199808219862,Intel Core i7,2048,Windows
192,2496.0,Acer,NVIDIA,24,8,0,1,174.50138510162503,AMD Ryzen 7,2048,Windows
193,2536.0,Dell,NVIDIA,32,24,0,0,141.21199808219862,Intel Core i9,2048,Windows
194,2009.0,Acer,NVIDIA,32,14,0,0,161.72539083525606,Intel Core i7,2048,Windows
195,2509.0,Dell,NVIDIA,32,14,0,1,145.1381712624093,Intel Core i7,2048,Windows
196,1875.0,Acer,NVIDIA,32,10,0,1,141.50971698084905,Intel Core i7,2048,Windows
197,1942.0,Acer,NVIDIA,32,10,0,1,141.50971698084905,Intel Core i7,2048,Windows
198,2226.0,Acer,NVIDIA,32,14,0,0,141.50971698084905,Intel Core i7,2048,Windows
199,2293.0,Acer,NVIDIA,32,14,0,0,141.50971698084905,Intel Core i7,2048,Windows
200,2049.0,Dell,NVIDIA,32,14,0,0,188.67962264113208,Intel Core i7,2048,Windows
202,1629.0,Acer,NVIDIA,32,12,0,0,127.33567457123111,Intel Core i5,2048,Windows
203,1949.0,Acer,NVIDIA,32,8,0,0,188.28266410959816,AMD Ryzen 7,2048,Windows
204,2158.0,Acer,NVIDIA,32,8,0,1,127.33567457123111,AMD Ryzen 7,2048,Windows
205,2226.0,Acer,NVIDIA,32,8,0,1,127.33567457123111,AMD Ryzen 7,2048,Windows
206,2563.0,Acer,NVIDIA,32,8,0,1,174.50138510162503,AMD Ryzen 7,2048,Windows
208,1348.0,Acer,NVIDIA,32,6,0,1,141.21199808219862,AMD Ryzen 5,2048,Windows
209,1497.0,Acer,NVIDIA,32,6,0,0,141.21199808219862,AMD Ryzen 5,2048,Windows
210,2739.0,Dell,NVIDIA,48,24,0,0,141.21199808219862,Intel Core i9,2048,Windows
211,2631.0,Acer,NVIDIA,48,8,0,1,174.50138510162503,AMD Ryzen 7,2048,Windows
212,2169.0,Acer,NVIDIA,64,14,0,0,161.72539083525606,Intel Core i7,2048,Windows
213,2496.0,Acer,NVIDIA,64,14,0,0,141.50971698084905,Intel Core i7,2048,Windows
214,2099.0,Dell,NVIDIA,64,14,0,0,188.67962264113208,Intel Core i7,2048,Windows
215,4831.0,Dell,NVIDIA,64,14,1,0,266.3712319639512,Intel Core i7,2048,Windows
216,1729.0,Acer,NVIDIA,64,12,0,0,127.33567457123111,Intel Core i5,2048,Windows
217,2099.0,Acer,NVIDIA,64,8,0,0,188.28266410959816,AMD Ryzen 7,2048,Windows
218,2428.0,Acer,NVIDIA,64,8,0,1,127.33567457123111,AMD Ryzen 7,2048,Windows
219,2496.0,Acer,NVIDIA,64,8,0,1,127.33567457123111,AMD Ryzen 7,2048,Windows
220,2766.0,Acer,NVIDIA,64,8,0,1,174.50138510162503,AMD Ryzen 7,2048,Windows
221,2833.0,Acer,NVIDIA,64,8,0,1,174.50138510162503,AMD Ryzen 7,2048,Windows
222,1299.0,HP,NVIDIA,64,6,0,0,141.21199808219862,AMD Ryzen 5,2048,Windows
223,1699.0,Acer,NVIDIA,16,1,0,1,141.21199808219862,Intel Core i7,1024,Windows
224,1137.0,Acer,NVIDIA,16,1,0,1,141.21199808219862,Intel Core i7,1024,Windows
225,2849.0,Asus,NVIDIA,16,24,0,1,137.68169813014364,Intel Core i9,1024,Windows
226,1899.0,Asus,NVIDIA,16,14,0,0,141.21199808219862,Intel Core i7,1024,Windows
227,1499.0,Asus,NVIDIA,16,6,0,0,127.33567457123111,Intel Core i5,1024,Windows
228,1599.0,Asus,NVIDIA,16,8,1,0,168.96682624578992,AMD Ryzen 9,1024,Windows
229,2999.0,Asus,NVIDIA,16,12,0,0,169.78089942830815,AMD Ryzen 9,1024,Windows
230,3148.0,Asus,NVIDIA,16,8,0,0,157.3505121487356,AMD Ryzen 9,1024,Windows
231,1499.0,Asus,NVIDIA,16,8,1,0,168.96682624578992,AMD Ryzen 7,1024,Windows
232,1499.0,Asus,NVIDIA,16,8,1,0,164.39605746882822,AMD Ryzen 7,1024,Windows
233,1749.0,Asus,NVIDIA,16,8,0,0,188.28266410959816,AMD Ryzen 7,1024,Windows
234,3299.0,Asus,NVIDIA,32,14,0,0,235.8495283014151,Intel Core i9,1024,Windows
235,2172.0,Asus,NVIDIA,32,14,0,1,141.50971698084905,Intel Core i9,1024,Windows
236,2334.0,Asus,NVIDIA,32,14,0,0,141.50971698084905,Intel Core i9,1024,Windows
237,2023.0,Asus,NVIDIA,32,14,0,0,141.21199808219862,Intel Core i7,1024,Windows
238,1740.0,Asus,NVIDIA,32,10,0,0,141.21199808219862,Intel Core i7,1024,Windows
239,1849.0,Asus,NVIDIA,32,10,0,0,188.28266410959816,Intel Core i7,1024,Windows
240,2239.0,Asus,NVIDIA,32,14,0,1,141.50971698084905,Intel Core i7,1024,Windows
241,1549.0,Asus,NVIDIA,32,6,0,0,127.33567457123111,Intel Core i5,1024,Windows
242,4507.0,Asus,NVIDIA,32,16,0,0,188.67962264113208,AMD Ryzen 9,1024,Windows
243,1799.0,Asus,NVIDIA,32,8,0,0,188.28266410959816,AMD Ryzen 7,1024,Windows
244,2099.0,Asus,NVIDIA,32,8,0,0,127.33567457123111,AMD Ryzen 7,1024,Windows
245,1943.0,Asus,NVIDIA,40,10,0,0,141.21199808219862,Intel Core i7,1024,Windows
246,2388.0,Asus,NVIDIA,48,14,0,0,141.50971698084905,Intel Core i9,1024,Windows
247,2299.0,Acer,NVIDIA,16,1,0,1,141.21199808219862,Intel Core i7,1024,Windows
248,2240.0,Acer,NVIDIA,16,1,0,1,141.21199808219862,Intel Core i7,1024,Windows
249,2499.0,Acer,NVIDIA,16,14,0,1,215.6338544470081,Intel Core i9,1024,Windows
250,2299.0,Dell,NVIDIA,16,24,0,0,183.5755975068582,Intel Core i9,1024,Windows
251,1551.0,Acer,NVIDIA,16,8,0,0,141.21199808219862,Intel Core i7,1024,Windows
252,3211.0,Dell,NVIDIA,16,14,0,0,145.1381712624093,Intel Core i7,1024,Windows
253,2145.0,Dell,NVIDIA,16,14,0,1,145.1381712624093,Intel Core i7,1024,Windows
254,1569.0,Samsung,NVIDIA,16,6,0,0,141.21199808219862,Intel Core i7,1024,Windows
255,2066.0,Acer,NVIDIA,16,14,0,1,141.50971698084905,Intel Core i7,1024,Windows
256,1645.0,Acer,NVIDIA,16,10,0,1,141.50971698084905,Intel Core i7,1024,Windows
257,1929.0,Acer,NVIDIA,16,14,0,0,141.50971698084905,Intel Core i7,1024,Windows
258,2064.0,Acer,NVIDIA,16,8,0,1,188.67962264113208,Intel Core i7,1024,Windows
259,2941.0,Dell,NVIDIA,16,16,0,1,188.67962264113208,Intel Core i7,1024,Windows
260,1624.0,Dell,NVIDIA,16,10,0,0,188.67962264113208,Intel Core i7,1024,Windows
261,1759.0,Acer,NVIDIA,16,8,0,1,127.33567457123111,Intel Core i7,1024,Windows
262,1673.0,HP,NVIDIA,16,10,0,0,127.33567457123111,Intel Core i7,1024,Windows
263,1159.0,Acer,NVIDIA,16,12,0,0,141.21199808219862,Intel Core i5,1024,Windows
264,1449.0,Acer,NVIDIA,16,12,0,0,127.33567457123111,Intel Core i5,1024,Windows
265,1510.0,Acer,NVIDIA,16,8,0,1,127.33567457123111,Intel Core i5,1024,Windows
266,1578.0,Acer,NVIDIA,16,8,0,1,127.33567457123111,Intel Core i5,1024,Windows
267,1799.0,Acer,NVIDIA,16,8,0,0,188.28266410959816,AMD Ryzen 7,1024,Windows
268,1599.0,Dell,NVIDIA,16,8,0,0,141.21199808219862,AMD Ryzen 7,1024,Windows
269,1929.0,Acer,NVIDIA,16,8,0,1,127.33567457123111,AMD Ryzen 7,1024,Windows
270,2199.0,Acer,NVIDIA,16,8,0,1,174.50138510162503,AMD Ryzen 7,1024,Windows
272,2266.0,Acer,NVIDIA,16,8,0,1,174.50138510162503,AMD Ryzen 7,1024,Windows
273,1996.0,Acer,NVIDIA,16,8,0,0,127.33567457123111,AMD Ryzen 7,1024,Windows
274,1749.0,Acer,NVIDIA,16,8,0,1,127.33567457123111,AMD Ryzen 7,1024,Windows
275,1724.0,Acer,NVIDIA,16,8,0,1,127.33567457123111,AMD Ryzen 7,1024,Windows
276,1849.0,Acer,NVIDIA,16,8,0,1,169.78089942830815,AMD Ryzen 7,1024,Windows
277,1399.0,Dell,NVIDIA,16,6,0,0,141.21199808219862,AMD Ryzen 5,1024,Windows
278,1079.0,HP,NVIDIA,16,6,0,0,141.21199808219862,AMD Ryzen 5,1024,Windows
279,1099.0,HP,NVIDIA,16,6,0,0,141.21199808219862,AMD Ryzen 5,1024,Windows
280,3009.0,Dell,NVIDIA,24,24,0,0,188.67962264113208,Intel Core i9,1024,Windows
281,1679.0,Samsung,NVIDIA,24,6,0,0,141.21199808219862,Intel Core i7,1024,Windows
282,1632.0,Acer,NVIDIA,24,8,0,1,127.33567457123111,Intel Core i5,1024,Windows
283,3699.0,Dell,NVIDIA,32,14,1,0,261.2487082723367,Intel Core i9,1024,Windows
284,2374.0,Dell,NVIDIA,32,24,0,0,141.21199808219862,Intel Core i9,1024,Windows
285,2499.0,Acer,NVIDIA,32,6,0,0,183.5755975068582,Intel Core i9,1024,Windows
287,3499.0,Dell,NVIDIA,32,1,1,0,266.3712319639512,Intel Core i9,1024,Windows
288,1859.0,Acer,NVIDIA,32,14,0,0,161.72539083525606,Intel Core i7,1024,Windows
289,2299.0,Acer,NVIDIA,32,14,0,1,141.21199808219862,Intel Core i7,1024,Windows
290,2280.0,Dell,NVIDIA,32,14,0,1,145.1381712624093,Intel Core i7,1024,Windows
292,1780.0,Acer,NVIDIA,32,10,0,1,141.50971698084905,Intel Core i7,1024,Windows
293,1983.0,Dell,NVIDIA,32,10,0,0,141.50971698084905,Intel Core i7,1024,Windows
294,1949.0,Dell,NVIDIA,32,14,0,0,188.67962264113208,Intel Core i7,1024,Windows
295,4764.0,Dell,NVIDIA,32,14,0,1,266.3712319639512,Intel Core i7,1024,Windows
296,1524.0,Acer,NVIDIA,32,4,0,1,141.21199808219862,Intel Core i5,1024,Windows
297,1249.0,HP,NVIDIA,32,8,0,0,141.21199808219862,Intel Core i5,1024,Windows
299,1529.0,Acer,NVIDIA,32,12,0,0,127.33567457123111,Intel Core i5,1024,Windows
300,1618.0,Acer,NVIDIA,32,8,0,1,127.33567457123111,Intel Core i5,1024,Windows
301,1899.0,Acer,NVIDIA,32,8,0,0,188.28266410959816,AMD Ryzen 7,1024,Windows
302,1869.0,Acer,NVIDIA,32,8,0,1,188.28266410959816,AMD Ryzen 7,1024,Windows
303,1996.0,Acer,NVIDIA,32,8,0,1,127.33567457123111,AMD Ryzen 7,1024,Windows
304,2334.0,Acer,NVIDIA,32,8,0,1,174.50138510162503,AMD Ryzen 7,1024,Windows
305,2401.0,Acer,NVIDIA,32,8,0,1,174.50138510162503,AMD Ryzen 7,1024,Windows
307,1186.0,Acer,NVIDIA,32,6,0,1,141.21199808219862,AMD Ryzen 5,1024,Windows
308,1149.0,HP,NVIDIA,32,6,0,0,141.21199808219862,AMD Ryzen 5,1024,Windows
309,2050.0,Acer,NVIDIA,64,10,0,1,141.50971698084905,Intel Core i7,1024,Windows
311,2199.0,Acer,NVIDIA,64,16,0,1,141.50971698084905,Intel Core i7,1024,Windows
312,1199.0,Acer,NVIDIA,8,4,0,1,141.21199808219862,Intel Core i5,256,Windows
313,2263.0,Dell,NVIDIA,4,14,0,0,141.50971698084905,Intel Core i7,128,Windows
314,1899.0,Acer,NVIDIA,16,6,0,0,141.21199808219862,Intel Core i7,512,Windows
315,1289.0,Dell,NVIDIA,16,8,0,0,141.21199808219862,AMD Ryzen 7,512,Windows
316,1429.0,Dell,NVIDIA,16,14,0,0,141.21199808219862,Intel Core i7,1024,Windows
317,2179.0,Dell,NVIDIA,16,1,0,0,188.67962264113208,Intel Core i9,1024,Windows
318,1249.0,Lenovo,NVIDIA,8,8,0,0,141.21199808219862,Intel Core i7,512,Windows
319,799.0,Lenovo,NVIDIA,8,4,0,0,141.21199808219862,Intel Core i5,256,Windows
320,999.0,Lenovo,NVIDIA,8,4,0,0,141.21199808219862,Intel Core i5,512,Windows
321,3819.0,Lenovo,NVIDIA,16,24,0,0,275.3633962602873,Intel Core i9,2048,Windows
322,969.0,Lenovo,NVIDIA,8,14,0,1,141.21199808219862,Intel Core i7,512,Windows
323,1389.0,Lenovo,NVIDIA,8,8,0,1,141.21199808219862,AMD Ryzen 7,512,Windows
324,2189.0,Lenovo,NVIDIA,16,1,0,0,188.67962264113208,Intel Core i7,512,Windows
325,1119.0,Lenovo,NVIDIA,16,8,0,1,141.21199808219862,Intel Core i5,512,Windows
326,999.0,Lenovo,NVIDIA,16,6,0,0,141.21199808219862,AMD Ryzen 5,512,Windows
327,2739.0,Lenovo,NVIDIA,32,16,0,0,283.0194339616981,Intel Core i7,1024,Windows
336,1449.0,Apple,Mac,8,8,0,0,224.5056083176765,Mac Processor,256,Mac
342,1699.0,Apple,Mac,8,8,0,0,323.95693677680856,Mac Processor,512,Mac
343,1699.0,Apple,Mac,8,8,0,0,224.5056083176765,Mac Processor,512,Mac
348,2099.0,Apple,Mac,8,8,0,0,253.93034266273992,Mac Processor,512,Mac
352,1999.0,Apple,Mac,8,8,0,0,224.22107567544035,Mac Processor,512,Mac
354,1749.0,Apple,Mac,8,8,0,0,224.22107567544035,Mac Processor,512,Mac
359,1449.0,Apple,Mac,8,8,0,0,224.5056083176765,Mac Processor,512,Mac
361,1599.0,Apple,Mac,8,8,0,0,224.22107567544035,Mac Processor,512,Mac
364,1949.0,Apple,Mac,16,8,0,0,224.5056083176765,Mac Processor,512,Mac
368,2249.0,Apple,Mac,16,8,0,0,224.22107567544035,Mac Processor,512,Mac
373,1999.0,Apple,Mac,8,8,0,0,224.22107567544035,Mac Processor,256,Mac
374,1749.0,Apple,Mac,8,8,0,0,224.22107567544035,Mac Processor,256,Mac
380,1499.0,Apple,Mac,8,8,0,0,224.22107567544035,Mac Processor,256,Mac
381,1299.0,Apple,Mac,8,8,0,0,224.22107567544035,Mac Processor,256,Mac
382,1399.0,Apple,Mac,8,8,0,0,224.22107567544035,Mac Processor,256,Mac
384,2349.0,Apple,Mac,8,8,0,0,253.93034266273992,Mac Processor,1024,Mac
389,3299.0,Apple,Mac,18,12,0,0,254.0233485458816,Mac Processor,512,Mac
390,3799.0,Apple,Mac,36,12,0,0,254.0233485458816,Mac Processor,512,Mac
391,3920.0,Apple,Mac,18,12,0,0,253.93034266273992,Mac Processor,1024,Mac
392,3249.0,Apple,Mac,18,12,0,0,253.93034266273992,Mac Processor,1024,Mac
394,3750.0,Apple,Mac,16,12,0,0,254.0233485458816,Mac Processor,512,Mac
395,4488.0,Apple,Mac,36,14,0,0,253.93034266273992,Mac Processor,1024,Mac
396,4349.0,Apple,Mac,36,14,0,0,253.93034266273992,Mac Processor,1024,Mac
397,6187.0,Apple,Mac,48,16,0,0,254.0233485458816,Mac Processor,1024,Mac
398,5299.0,Apple,Mac,48,16,0,0,254.0233485458816,Mac Processor,1024,Mac
399,6000.0,Apple,Mac,48,16,0,0,254.0233485458816,Mac Processor,1024,Mac
400,999.0,Dell,Intel,16,4,0,0,165.6321180513006,Intel Core i7,256,Windows
401,1079.0,Dell,Intel,16,10,0,0,165.6321180513006,Intel Core i7,256,Windows
402,1099.0,Samsung,Intel,16,4,1,0,165.6321180513006,Intel Core i7,256,Windows
403,1319.0,Microsoft,Intel,16,4,1,0,200.84255993695703,Intel Core i7,256,Windows
404,1051.0,Microsoft,Intel,16,4,0,0,200.84255993695703,Intel Core i7,256,Windows
405,1449.0,Microsoft,Intel,16,1,1,0,267.3384360344031,Intel Core i5,256,Windows
406,949.0,Microsoft,Intel,16,10,1,0,179.09814390912993,Intel Core i5,256,Windows
407,1150.0,Microsoft,Intel,16,4,0,0,225.5502752771458,Intel Core i5,256,Windows
408,899.0,Samsung,Intel,16,4,0,0,165.6321180513006,Intel Core i5,256,Windows
409,849.0,Dell,Intel,16,1,0,0,157.3505121487356,Intel Core i5,256,Windows
410,1100.0,Microsoft,Intel,8,4,1,0,150.08473601931402,Intel Core i5,128,Windows
411,1419.0,Microsoft,Intel,8,4,1,0,200.84255993695703,Intel Core i5,128,Windows
412,494.0,Microsoft,Intel,8,1,1,0,219.7669348854241,Intel Core i3,128,Windows
413,869.0,Microsoft,Intel,8,4,1,0,122.7184537503298,Intel Core i5,128,Windows
414,924.0,Microsoft,Intel,8,4,1,0,122.7184537503298,Intel Core i5,128,Windows
415,969.0,Microsoft,Intel,8,4,1,0,267.3384360344031,Intel Core i5,128,Windows
416,2426.0,Microsoft,Intel,8,2,1,0,267.07787225659183,Intel Core i5,256,Windows
417,673.0,Dell,Intel,8,4,0,0,100.45466986113651,Intel Core i5,256,Windows
418,2118.0,Dell,Intel,32,10,0,0,157.3505121487356,Intel Core i7,256,Windows
419,2307.0,Dell,Intel,16,14,0,1,145.1381712624093,Intel Core i7,2048,Windows
420,2145.0,Dell,Intel,16,14,0,1,145.1381712624093,Intel Core i7,1024,Windows
421,2280.0,Dell,Intel,32,14,0,1,145.1381712624093,Intel Core i7,1024,Windows
422,944.0,Asus,Intel,12,1,0,0,141.21199808219862,Intel Core i7,512,Windows
423,806.0,Asus,Intel,8,1,0,0,157.3505121487356,Intel Core i5,512,Windows
424,799.0,Asus,Intel,8,4,0,0,141.21199808219862,Intel Core i7,512,Windows
425,819.0,Asus,Intel,8,1,0,0,157.3505121487356,Intel Core i5,512,Windows
426,962.0,Asus,Intel,8,1,0,0,141.21199808219862,Intel Core i5,512,Windows
427,1118.0,Asus,Intel,8,1,0,0,141.21199808219862,Intel Core i5,512,Windows
428,1206.0,Asus,Intel,16,1,0,0,157.3505121487356,Intel Core i7,512,Windows
429,1216.0,Asus,Intel,16,1,0,0,157.3505121487356,Intel Core i7,512,Windows
430,1149.0,Asus,Intel,16,1,1,0,141.21199808219862,Intel Core i7,512,Windows
431,1068.0,Asus,Intel,16,1,0,0,141.21199808219862,Intel Core i7,512,Windows
432,1323.0,Asus,Intel,16,1,0,0,141.21199808219862,Intel Core i7,512,Windows
433,948.0,Asus,Intel,16,1,0,0,141.21199808219862,Intel Core i7,512,Windows
434,1548.0,Asus,Intel,16,1,1,0,141.21199808219862,Intel Core i5,512,Windows
435,1399.0,Asus,Intel,16,1,0,0,137.68169813014364,Intel Core i5,512,Windows
436,1149.0,Asus,Intel,16,10,0,0,141.50971698084905,Intel Core i5,512,Others/Chrome OS
437,1287.0,Asus,Intel,16,1,0,0,141.50971698084905,Intel Core i5,512,Windows
438,1689.0,Microsoft,Intel,8,10,1,0,200.84255993695703,Intel Core i5,512,Windows
439,2411.0,Microsoft,Intel,16,4,1,0,200.84255993695703,Intel Core i7,512,Windows
440,1133.0,Microsoft,Intel,16,4,0,0,200.84255993695703,Intel Core i7,512,Windows
442,1729.0,Samsung,Intel,8,10,1,0,165.6321180513006,Intel Core i7,512,Windows
443,1673.0,Samsung,Intel,8,4,1,0,165.6321180513006,Intel Core i7,512,Windows
444,1167.0,Samsung,Intel,8,4,1,0,165.6321180513006,Intel Core i7,512,Windows
445,2143.0,Microsoft,Intel,8,4,0,0,200.84255993695703,Intel Core i7,512,Windows
446,1099.0,Acer,Intel,8,1,0,1,157.3505121487356,Intel Core i7,512,Windows
448,1223.0,Samsung,Intel,8,8,1,0,165.6321180513006,Intel Core i5,512,Windows
449,1699.0,Microsoft,Intel,8,4,1,0,200.84255993695703,Intel Core i5,512,Windows
451,1461.0,Microsoft,Intel,8,10,1,0,200.84255993695703,Intel Core i5,512,Windows
453,456.0,HP,Intel,16,4,0,0,111.93520355955211,Intel Core i5,512,Windows
454,299.0,Acer,Intel,4,1,1,1,189.90579052433606,Intel Celeron,32,Others/Chrome OS
455,249.0,Acer,Intel,4,2,0,0,135.0942111925629,Intel Celeron,32,Others/Chrome OS
456,289.0,Acer,Intel,4,2,0,0,100.45466986113651,Intel Celeron,32,Others/Chrome OS
457,404.0,Samsung,Intel,4,4,0,0,135.0942111925629,Other Intel Processor,32,Others/Chrome OS
458,522.0,Acer,Intel,4,2,0,1,141.21199808219862,Other Intel Processor,32,Others/Chrome OS
459,299.0,Samsung,Intel,4,1,0,0,135.0942111925629,Intel Celeron,32,Others/Chrome OS
460,269.0,Samsung,Intel,4,1,0,0,135.0942111925629,Intel Celeron,32,Others/Chrome OS
461,599.0,Asus,Intel,8,4,0,0,157.3505121487356,Intel Core i5,256,Windows
462,683.0,Asus,Intel,8,1,0,0,157.3505121487356,Intel Core i3,256,Windows
463,799.0,Asus,Intel,8,1,0,0,157.3505121487356,Intel Core i3,256,Windows
464,809.0,Asus,Intel,8,1,1,0,157.3505121487356,Intel Core i3,256,Windows
465,960.0,Asus,Intel,8,1,1,0,157.3505121487356,Intel Core i3,256,Windows
466,1109.0,Microsoft,Intel,8,4,0,0,267.3384360344031,Intel Core i5,256,Windows
467,1699.0,Microsoft,Intel,8,4,1,0,200.84255993695703,Intel Core i5,256,Windows
468,2177.0,Microsoft,Intel,8,2,0,0,116.08095183953553,Intel Core i7,256,Windows
469,1823.0,Microsoft,Intel,8,4,1,0,200.84255993695703,Intel Core i7,256,Windows
470,2034.0,Microsoft,Intel,8,2,0,0,200.84255993695703,Intel Core i7,256,Windows
471,2375.0,Microsoft,Intel,8,4,1,0,200.84255993695703,Intel Core i7,256,Windows
472,2403.0,Microsoft,Intel,8,4,1,0,200.84255993695703,Intel Core i7,256,Windows
473,1489.0,Microsoft,Intel,8,10,1,0,201.2582641505409,Intel Core i7,256,Windows
474,1189.0,Samsung,Intel,8,4,0,0,141.21199808219862,Intel Core i7,256,Windows
475,1475.0,Microsoft,Intel,8,4,1,0,267.3384360344031,Intel Core i5,256,Windows
476,829.0,Microsoft,Intel,8,4,1,0,267.3384360344031,Intel Core i5,256,Windows
477,1842.0,Samsung,Intel,8,1,0,0,165.6321180513006,Intel Core i5,256,Windows
479,1999.0,Microsoft,Intel,8,4,1,0,267.07787225659183,Intel Core i5,256,Windows
480,1049.0,Microsoft,Intel,8,10,1,0,200.84255993695703,Intel Core i5,256,Windows
481,1751.0,Microsoft,Intel,8,4,0,0,200.84255993695703,Intel Core i5,256,Windows
482,855.0,Microsoft,Intel,8,4,1,0,200.84255993695703,Intel Core i5,256,Windows
483,1438.0,Microsoft,Intel,8,4,1,0,200.84255993695703,Intel Core i5,256,Windows
484,855.0,Microsoft,Intel,8,4,0,0,200.84255993695703,Intel Core i5,256,Windows
485,999.0,Acer,Intel,8,4,0,1,157.3505121487356,Intel Core i5,256,Windows
486,699.0,Dell,Intel,8,4,1,0,157.3505121487356,Intel Core i5,256,Windows
487,699.0,Dell,Intel,8,10,0,0,157.3505121487356,Intel Core i5,256,Windows
488,999.0,Dell,Intel,8,1,0,1,157.3505121487356,Intel Core i5,256,Windows
489,579.0,Dell,Intel,8,4,1,0,141.21199808219862,Intel Core i5,256,Windows
490,1352.0,Asus,Intel,8,4,0,0,157.3505121487356,Intel Core i7,512,Windows
492,729.0,Asus,Intel,12,4,1,0,141.21199808219862,Intel Core i5,512,Windows
493,1564.0,Asus,Intel,16,14,1,0,235.8495283014151,Intel Core i7,512,Windows
494,919.0,Asus,Intel,16,10,1,0,141.21199808219862,Intel Core i7,512,Windows
495,1089.0,Asus,Intel,16,4,0,0,165.6321180513006,Intel Core i5,512,Windows
496,819.0,Asus,Intel,16,10,0,0,157.3505121487356,Intel Core i5,512,Windows
497,779.0,Asus,Intel,16,12,0,0,157.3505121487356,Intel Core i5,512,Windows
498,979.0,Asus,Intel,16,12,0,0,141.21199808219862,Intel Core i5,512,Windows
499,1069.0,Dell,Intel,16,10,1,0,141.21199808219862,Intel Core i7,512,Windows
500,889.0,Acer,Intel,8,4,0,0,157.3505121487356,Intel Core i5,512,Windows
501,1133.0,HP,Intel,8,1,1,0,157.3505121487356,Intel Core i5,512,Windows
502,1144.0,HP,Intel,8,1,0,0,146.86047800548656,Intel Core i5,512,Windows
503,781.0,Acer,Intel,8,8,0,1,141.21199808219862,Intel Core i5,512,Windows
504,1849.0,Dell,Intel,16,10,1,0,260.2503176274759,Intel Core i7,512,Windows
505,1375.0,Samsung,Intel,16,12,0,0,165.6321180513006,Intel Core i7,512,Windows
507,1443.0,Samsung,Intel,16,12,0,0,165.6321180513006,Intel Core i7,512,Windows
509,2177.0,Dell,Intel,16,12,1,0,304.14028724242183,Intel Core i7,512,Windows
510,985.0,Acer,Intel,16,10,1,0,161.72539083525606,Intel Core i7,512,Windows
511,1659.0,Acer,Intel,16,14,1,1,161.72539083525606,Intel Core i7,512,Windows
512,1875.0,Dell,Intel,16,10,0,1,157.3505121487356,Intel Core i7,512,Windows
513,1120.0,Acer,Intel,16,4,0,1,141.21199808219862,Intel Core i7,512,Windows
515,1199.0,Dell,Intel,16,10,1,0,141.21199808219862,Intel Core i7,512,Windows
516,1321.0,Dell,Intel,16,10,1,1,141.21199808219862,Intel Core i7,512,Windows
517,989.0,HP,Intel,16,4,1,1,141.21199808219862,Intel Core i7,512,Windows
518,1049.0,HP,Intel,16,4,1,1,141.21199808219862,Intel Core i7,512,Windows
519,1099.0,HP,Intel,16,10,1,0,141.21199808219862,Intel Core i7,512,Windows
520,1578.0,Samsung,Intel,16,12,0,0,141.21199808219862,Intel Core i7,512,Windows
522,1645.0,Samsung,Intel,16,12,0,0,141.21199808219862,Intel Core i7,512,Windows
524,1999.0,HP,Intel,16,4,1,0,275.3633962602873,Intel Core i7,512,Windows
526,1159.0,Acer,Intel,16,10,0,1,141.21199808219862,Intel Core i5,512,Windows
527,835.0,Acer,Intel,16,8,0,1,141.21199808219862,Intel Core i5,512,Windows
528,903.0,Acer,Intel,16,8,0,1,141.21199808219862,Intel Core i5,512,Windows
529,984.0,Acer,Intel,16,10,0,1,141.21199808219862,Intel Core i5,512,Windows
530,1051.0,Acer,Intel,16,10,0,1,141.21199808219862,Intel Core i5,512,Windows
533,1065.0,Acer,Intel,16,10,0,0,141.21199808219862,Intel Core i5,512,Windows
534,765.0,Dell,Intel,16,1,1,0,141.21199808219862,Intel Core i5,512,Windows
535,859.0,Dell,Intel,16,1,0,0,141.21199808219862,Intel Core i5,512,Windows
536,849.0,Dell,Intel,16,10,0,0,141.21199808219862,Intel Core i5,512,Windows
537,689.0,HP,Intel,16,4,0,0,141.21199808219862,Intel Core i5,512,Windows
538,699.0,HP,Intel,16,4,0,0,141.21199808219862,Intel Core i5,512,Windows
539,649.0,HP,Intel,16,4,0,0,141.21199808219862,Intel Core i5,512,Windows
540,1227.0,Dell,Intel,16,10,0,0,141.50971698084905,Intel Core i5,512,Windows
541,949.0,Acer,Intel,16,10,0,1,127.33567457123111,Intel Core i5,512,Windows
542,1335.0,Acer,Intel,8,12,0,1,188.67962264113208,Intel Core i5,3072,Others/Chrome OS
543,2023.0,Acer,Intel,32,10,0,0,141.21199808219862,Intel Core i7,3072,Windows
544,1645.0,Acer,Intel,64,8,0,1,141.21199808219862,Intel Core i5,3072,Windows
545,1713.0,Acer,Intel,64,8,0,1,141.21199808219862,Intel Core i5,3072,Windows
546,1469.0,Dell,Intel,32,10,1,0,141.21199808219862,Intel Core i7,3072,Windows
547,658.0,Asus,Intel,8,4,0,0,141.21199808219862,Intel Core i5,256,Windows
548,931.0,Acer,Intel,8,4,0,0,157.3505121487356,Intel Core i7,256,Windows
549,599.0,HP,Intel,8,4,0,0,141.21199808219862,Intel Core i5,256,Windows
550,1767.0,Dell,Intel,16,10,0,1,157.3505121487356,Intel Core i7,256,Windows
551,689.0,HP,Intel,16,4,0,0,141.21199808219862,Intel Core i5,256,Windows
552,1129.0,Asus,Intel,16,12,0,0,141.21199808219862,Intel Core i5,2048,Windows
554,939.0,Asus,Intel,36,4,1,0,141.21199808219862,Intel Core i5,2048,Windows
555,1179.0,Asus,Intel,40,10,1,0,141.21199808219862,Intel Core i7,2048,Windows
556,1049.0,Asus,Intel,40,10,0,0,157.3505121487356,Intel Core i5,2048,Windows
557,949.0,Asus,Intel,40,12,0,0,157.3505121487356,Intel Core i5,2048,Windows
558,1618.0,Samsung,Intel,16,12,0,0,165.6321180513006,Intel Core i7,2048,Windows
560,1686.0,Samsung,Intel,16,12,0,0,165.6321180513006,Intel Core i7,2048,Windows
562,1483.0,Dell,Intel,16,14,0,1,188.67962264113206,Intel Core i7,2048,Windows
563,1821.0,Samsung,Intel,16,12,0,0,141.21199808219862,Intel Core i7,2048,Windows
565,1888.0,Samsung,Intel,16,12,0,0,141.21199808219862,Intel Core i7,2048,Windows
567,1807.0,Samsung,Intel,16,12,0,0,141.21199808219862,Intel Core i7,2048,Windows
569,1875.0,Samsung,Intel,16,12,0,0,141.21199808219862,Intel Core i7,2048,Windows
571,1551.0,Dell,Intel,24,14,0,1,188.67962264113206,Intel Core i7,2048,Windows
572,1753.0,Acer,Intel,32,10,0,0,141.21199808219862,Intel Core i7,2048,Windows
573,1349.0,Dell,Intel,32,10,1,0,141.21199808219862,Intel Core i7,2048,Windows
574,1449.0,Dell,Intel,32,10,1,0,141.21199808219862,Intel Core i7,2048,Windows
575,1399.0,HP,Intel,32,10,1,0,141.21199808219862,Intel Core i7,2048,Windows
576,1299.0,HP,Intel,32,10,1,0,141.21199808219862,Intel Core i7,2048,Windows
577,1186.0,Acer,Intel,32,8,0,1,141.21199808219862,Intel Core i5,2048,Windows
578,1254.0,Acer,Intel,32,8,0,1,141.21199808219862,Intel Core i5,2048,Windows
579,1402.0,Acer,Intel,32,10,0,1,141.21199808219862,Intel Core i5,2048,Windows
580,939.0,HP,Intel,32,4,0,0,141.21199808219862,Intel Core i5,2048,Windows
581,1379.0,HP,Intel,64,4,1,1,141.21199808219862,Intel Core i7,2048,Windows
582,1499.0,HP,Intel,64,10,1,0,141.21199808219862,Intel Core i7,2048,Windows
583,1449.0,HP,Intel,64,10,1,0,141.21199808219862,Intel Core i7,2048,Windows
584,1999.0,HP,Intel,64,12,1,0,127.33567457123111,Intel Core i7,2048,Windows
585,1402.0,Acer,Intel,64,8,0,1,141.21199808219862,Intel Core i5,2048,Windows
586,1470.0,Acer,Intel,64,8,0,1,141.21199808219862,Intel Core i5,2048,Windows
587,849.0,Acer,Intel,8,8,0,1,141.21199808219862,Intel Core i5,128,Windows
588,1929.0,Asus,Intel,16,14,0,0,211.81799712329794,Intel Core i9,1024,Windows
589,1398.0,Asus,Intel,16,10,0,0,255.35588026619376,Intel Core i7,1024,Windows
590,1578.0,Asus,Intel,16,14,1,0,235.8495283014151,Intel Core i7,1024,Windows
591,1645.0,Asus,Intel,16,14,1,0,235.8495283014151,Intel Core i7,1024,Windows
592,1579.0,Asus,Intel,16,14,0,0,235.8495283014151,Intel Core i7,1024,Windows
593,999.0,Asus,Intel,16,12,1,0,143.98086078969268,Intel Core i7,1024,Windows
594,869.0,Asus,Intel,16,10,0,0,157.3505121487356,Intel Core i5,1024,Windows
597,829.0,Asus,Intel,16,12,0,0,157.3505121487356,Intel Core i5,1024,Windows
598,1059.0,Asus,Intel,16,12,0,0,141.21199808219862,Intel Core i5,1024,Windows
599,829.0,Asus,Intel,20,4,1,0,141.21199808219862,Intel Core i5,1024,Windows
600,1294.0,Asus,Intel,24,12,0,0,157.3505121487356,Intel Core i7,1024,Windows
601,879.0,Asus,Intel,36,4,1,0,141.21199808219862,Intel Core i5,1024,Windows
603,1099.0,Asus,Intel,40,10,1,0,141.21199808219862,Intel Core i7,1024,Windows
605,949.0,Asus,Intel,40,10,0,0,157.3505121487356,Intel Core i5,1024,Windows
606,939.0,Asus,Intel,40,10,0,0,157.3505121487356,Intel Core i5,1024,Windows
607,879.0,Asus,Intel,40,12,0,0,157.3505121487356,Intel Core i5,1024,Windows
608,1159.0,Asus,Intel,40,12,0,0,141.21199808219862,Intel Core i5,1024,Windows
610,1456.0,Samsung,Intel,16,12,0,0,165.6321180513006,Intel Core i7,1024,Windows
612,1524.0,Samsung,Intel,16,12,0,0,165.6321180513006,Intel Core i7,1024,Windows
614,1673.0,Acer,Intel,16,14,0,1,161.72539083525606,Intel Core i7,1024,Windows
615,1389.0,Dell,Intel,16,14,0,1,188.67962264113206,Intel Core i7,1024,Windows
618,1277.0,HP,Intel,16,1,1,0,157.3505121487356,Intel Core i7,1024,Windows
619,1299.0,HP,Intel,16,10,0,0,146.86047800548656,Intel Core i7,1024,Windows
620,1281.0,Acer,Intel,16,10,0,1,141.21199808219862,Intel Core i7,1024,Windows
621,1279.0,Dell,Intel,16,10,1,0,141.21199808219862,Intel Core i7,1024,Windows
622,1049.0,Dell,Intel,16,10,1,0,141.21199808219862,Intel Core i7,1024,Windows
623,1099.0,Dell,Intel,16,10,1,0,141.21199808219862,Intel Core i7,1024,Windows
624,1029.0,HP,Intel,16,4,1,1,141.21199808219862,Intel Core i7,1024,Windows
625,1199.0,HP,Intel,16,10,1,0,141.21199808219862,Intel Core i7,1024,Windows
626,1659.0,Samsung,Intel,16,12,0,0,141.21199808219862,Intel Core i7,1024,Windows
628,1726.0,Samsung,Intel,16,12,0,0,141.21199808219862,Intel Core i7,1024,Windows
630,1645.0,Samsung,Intel,16,12,0,0,141.21199808219862,Intel Core i7,1024,Windows
632,1713.0,Samsung,Intel,16,12,0,0,141.21199808219862,Intel Core i7,1024,Windows
634,1196.0,Dell,Intel,16,12,1,0,141.50971698084905,Intel Core i7,1024,Windows
635,1408.0,Dell,Intel,16,1,0,0,141.50971698084905,Intel Core i7,1024,Windows
636,916.0,Acer,Intel,16,8,0,1,141.21199808219862,Intel Core i5,1024,Windows
637,984.0,Acer,Intel,16,8,0,1,141.21199808219862,Intel Core i5,1024,Windows
638,1078.0,Acer,Intel,16,10,0,0,141.21199808219862,Intel Core i5,1024,Windows
639,916.0,Dell,Intel,16,4,1,1,141.21199808219862,Intel Core i5,1024,Windows
641,779.0,HP,Intel,16,4,0,0,141.21199808219862,Intel Core i5,1024,Windows
643,1389.0,Acer,Intel,20,4,0,1,141.21199808219862,Intel Core i7,1024,Windows
644,1389.0,Dell,Intel,24,14,0,1,188.67962264113206,Intel Core i7,1024,Windows
646,1308.0,Acer,Intel,24,4,0,0,141.21199808219862,Intel Core i7,1024,Windows
647,1259.0,Dell,Intel,32,10,1,0,141.21199808219862,Intel Core i7,1024,Windows
648,1591.0,Acer,Intel,32,10,0,0,141.21199808219862,Intel Core i7,1024,Windows
649,1209.0,Dell,Intel,32,10,1,0,141.21199808219862,Intel Core i7,1024,Windows
650,1339.0,Dell,Intel,32,10,1,0,141.21199808219862,Intel Core i7,1024,Windows
651,1149.0,HP,Intel,32,4,1,1,141.21199808219862,Intel Core i7,1024,Windows
652,1199.0,HP,Intel,32,4,1,1,141.21199808219862,Intel Core i7,1024,Windows
653,1299.0,HP,Intel,32,10,1,0,141.21199808219862,Intel Core i7,1024,Windows
654,1199.0,HP,Intel,32,10,1,0,141.21199808219862,Intel Core i7,1024,Windows
655,1888.0,Dell,Intel,32,14,0,0,188.67962264113208,Intel Core i7,1024,Windows
656,1983.0,Dell,Intel,32,14,0,0,188.67962264113208,Intel Core i7,1024,Windows
657,1899.0,HP,Intel,32,12,1,1,127.33567457123111,Intel Core i7,1024,Windows
659,849.0,HP,Intel,32,4,0,0,141.21199808219862,Intel Core i5,1024,Windows
662,1322.0,Acer,Intel,40,4,0,1,141.21199808219862,Intel Core i7,1024,Windows
664,479.0,Lenovo,Intel,8,2,0,0,141.21199808219862,Intel Celeron,256,Windows
665,499.0,Lenovo,Intel,16,2,0,0,141.21199808219862,Intel Celeron,256,Windows
666,1429.0,Lenovo,Intel,16,4,0,0,157.3505121487356,Intel Core i7,2048,Windows
667,819.0,Lenovo,Intel,40,2,1,1,141.21199808219862,Intel Core i3,2048,Windows
668,399.0,Lenovo,Intel,4,2,0,0,111.93520355955211,Other Intel Processor,128,Windows
669,289.0,Lenovo,Intel,4,2,0,0,111.93520355955211,Intel Celeron,128,Windows
670,299.0,Lenovo,Intel,4,2,0,0,111.93520355955211,Intel Celeron,128,Windows
671,679.0,Lenovo,Intel,16,2,1,1,141.21199808219862,Intel Core i3,1024,Windows
672,689.0,Lenovo,Intel,16,2,1,0,141.21199808219862,Intel Core i3,1024,Windows
673,619.0,Lenovo,Intel,16,2,0,0,141.21199808219862,Intel Celeron,1024,Windows
674,579.0,Lenovo,Intel,20,2,0,0,111.93520355955211,Other Intel Processor,1024,Windows
675,2469.0,Lenovo,Intel,32,8,0,1,282.42399616439724,Intel Core i7,1024,Windows
677,699.0,Lenovo,Intel,32,2,0,0,141.21199808219862,Intel Celeron,1024,Windows
678,749.0,Lenovo,Intel,40,2,1,0,141.21199808219862,Intel Core i3,1024,Windows
679,759.0,Lenovo,Intel,40,2,1,1,141.21199808219862,Intel Core i3,1024,Windows
680,379.0,HP,Intel,4,2,0,0,111.93520355955211,Intel Celeron,128,Windows
681,389.0,HP,Intel,4,2,0,0,111.93520355955211,Intel Celeron,128,Windows
682,419.0,HP,Intel,8,2,0,0,111.93520355955211,Intel Celeron,128,Windows
684,429.0,HP,Intel,8,2,0,0,111.93520355955211,Intel Celeron,128,Windows
685,439.0,HP,Intel,8,2,0,0,111.93520355955211,Intel Celeron,128,Windows
686,379.0,HP,Intel,8,2,0,0,111.93520355955211,Intel Celeron,128,Windows
687,429.0,HP,Intel,16,2,0,0,111.93520355955211,Intel Celeron,128,Windows
688,449.0,HP,Intel,16,2,0,0,111.93520355955211,Intel Celeron,128,Windows
690,479.0,HP,Intel,16,2,0,0,111.93520355955211,Intel Celeron,128,Windows
693,1099.0,Asus,Intel,16,10,0,0,141.50971698084905,Intel Core i5,512,Windows
694,719.0,HP,Intel,16,6,0,0,100.45466986113651,Intel Core i3,512,Windows
695,369.0,Asus,Intel,4,4,0,0,141.21199808219862,Other Intel Processor,128,Windows
696,994.0,Acer,Intel,16,12,0,0,141.50971698084905,Intel Core i7,512,Windows
697,369.0,HP,Intel,4,2,0,0,111.93520355955211,Intel Celeron,128,Windows
699,619.0,Asus,Intel,16,2,0,0,111.93520355955211,Intel Core i3,512,Windows
700,687.0,Dell,Intel,8,2,0,0,141.21199808219862,Intel Core i3,512,Windows
702,699.0,HP,Intel,8,10,0,0,157.3505121487356,Intel Celeron,512,Windows
703,561.0,HP,Intel,12,1,0,0,157.3505121487356,Intel Core i3,512,Windows
705,639.0,HP,Intel,16,4,0,0,100.45466986113651,Other Intel Processor,512,Windows
706,719.0,Dell,Intel,16,4,1,0,141.21199808219862,Intel Core i5,512,Windows
707,729.0,Dell,Intel,16,4,1,0,141.21199808219862,Intel Core i5,512,Windows
708,749.0,Dell,Intel,16,4,1,0,141.21199808219862,Intel Core i5,512,Windows
710,739.0,Dell,Intel,16,4,1,0,141.21199808219862,Intel Core i5,512,Windows
711,639.0,Dell,Intel,16,6,0,0,141.21199808219862,Intel Core i3,512,Windows
712,741.0,Dell,Intel,16,2,0,0,141.21199808219862,Intel Core i3,512,Windows
713,599.0,HP,Intel,16,2,0,0,100.45466986113651,Intel Core i3,512,Windows
714,639.0,HP,Intel,16,2,0,0,100.45466986113651,Intel Core i3,512,Windows
716,679.0,HP,Intel,16,6,1,0,100.45466986113651,Intel Core i3,512,Windows
718,629.0,HP,Intel,16,6,0,0,141.21199808219862,Intel Core i3,512,Windows
719,599.0,HP,Intel,16,6,0,0,141.21199808219862,Intel Core i3,512,Windows
721,789.0,HP,Intel,16,8,0,1,127.33567457123111,Intel Core i3,512,Windows
722,739.0,Dell,Intel,24,8,1,0,141.21199808219862,Intel Core i5,512,Windows
723,279.0,Samsung,Intel,4,2,0,0,135.0942111925629,Intel Celeron,32,Others/Chrome OS
724,299.0,Samsung,Intel,4,2,0,0,135.0942111925629,Intel Celeron,32,Others/Chrome OS
725,279.0,Acer,Intel,4,2,0,0,100.45466986113651,Intel Celeron,32,Others/Chrome OS
726,388.0,Acer,Intel,16,1,0,0,189.90579052433606,Intel Celeron,32,Others/Chrome OS
727,498.0,Asus,Intel,8,2,0,0,111.93520355955211,Intel Core i3,256,Windows
728,592.0,Asus,Intel,8,6,0,1,141.21199808219862,Intel Core i3,256,Windows
729,599.0,Asus,Intel,8,2,0,0,157.3505121487356,Intel Core i3,256,Windows
730,270.0,HP,Intel,4,4,0,0,157.3505121487356,Other Intel Processor,256,Windows
731,519.0,HP,Intel,8,4,0,0,100.45466986113651,Other Intel Processor,256,Windows
732,649.0,Acer,Intel,8,1,0,1,161.72539083525606,Intel Core i3,256,Windows
733,714.0,Dell,Intel,8,2,0,0,141.21199808219862,Intel Core i3,256,Windows
734,539.0,HP,Intel,8,2,0,0,100.45466986113651,Intel Core i3,256,Windows
735,539.0,HP,Intel,8,4,1,0,141.21199808219862,Intel Core i3,256,Windows
736,599.0,HP,Intel,8,6,1,0,100.45466986113651,Intel Core i3,256,Windows
737,699.0,HP,Intel,8,8,0,1,127.33567457123111,Intel Core i3,256,Windows
738,579.0,HP,Intel,16,4,0,0,100.45466986113651,Other Intel Processor,256,Windows
739,469.0,Dell,Intel,16,6,0,0,141.21199808219862,Intel Core i3,256,Windows
741,572.0,HP,Intel,16,8,0,0,100.45466986113651,Intel Core i3,256,Others/Chrome OS
742,569.0,HP,Intel,16,2,0,0,100.45466986113651,Intel Core i3,256,Windows
744,635.0,HP,Intel,16,6,1,0,100.45466986113651,Intel Core i3,256,Windows
745,639.0,HP,Intel,16,6,1,0,100.45466986113651,Intel Core i3,256,Windows
746,829.0,Dell,Intel,20,6,0,0,141.21199808219862,Intel Core i3,2048,Windows
747,799.0,Dell,Intel,20,6,0,0,141.21199808219862,Intel Core i3,2048,Windows
748,819.0,HP,Intel,32,4,0,0,100.45466986113651,Other Intel Processor,2048,Windows
749,949.0,Dell,Intel,32,4,1,0,141.21199808219862,Intel Core i5,2048,Windows
750,969.0,Dell,Intel,32,4,1,0,141.21199808219862,Intel Core i5,2048,Windows
751,999.0,Dell,Intel,32,4,1,0,141.21199808219862,Intel Core i5,2048,Windows
752,1049.0,Dell,Intel,32,4,1,0,141.21199808219862,Intel Core i5,2048,Windows
755,719.0,Dell,Intel,32,6,0,0,141.21199808219862,Intel Core i3,2048,Windows
756,872.0,HP,Intel,32,6,1,0,100.45466986113651,Intel Core i3,2048,Windows
757,979.0,HP,Intel,32,8,0,1,127.33567457123111,Intel Core i3,2048,Windows
758,1049.0,Dell,Intel,64,4,1,0,141.21199808219862,Intel Core i5,2048,Windows
759,1079.0,HP,Intel,64,6,0,1,127.33567457123111,Intel Core i3,2048,Windows
760,489.0,Asus,Intel,8,2,0,0,111.93520355955211,Intel Core i3,128,Windows
761,549.0,Asus,Intel,8,6,0,0,157.3505121487356,Intel Core i3,128,Others/Chrome OS
762,501.0,Asus,Intel,8,2,0,0,157.3505121487356,Intel Core i3,128,Windows
763,379.0,HP,Intel,4,4,0,0,100.45466986113651,Other Intel Processor,128,Windows
764,410.0,HP,Intel,4,2,0,0,157.3505121487356,Other Intel Processor,128,Windows
765,559.0,HP,Intel,4,4,1,0,157.3505121487356,Other Intel Processor,128,Others/Chrome OS
766,337.0,HP,Intel,4,4,0,0,111.93520355955211,Other Intel Processor,128,Windows
768,499.0,HP,Intel,4,2,0,0,111.93520355955211,Intel Celeron,128,Others/Chrome OS
769,439.0,HP,Intel,8,4,0,0,100.45466986113651,Other Intel Processor,128,Windows
772,499.0,HP,Intel,8,2,0,0,100.45466986113651,Intel Core i3,128,Windows
773,499.0,HP,Intel,8,8,0,0,141.21199808219862,Intel Core i3,128,Others/Chrome OS
774,433.0,HP,Intel,8,2,0,0,100.45466986113651,Intel Celeron,128,Others/Chrome OS
775,479.0,HP,Intel,16,4,0,0,100.45466986113651,Other Intel Processor,128,Windows
777,559.0,HP,Intel,4,4,1,0,157.3505121487356,Other Intel Processor,64,Others/Chrome OS
778,429.0,HP,Intel,8,4,0,0,157.3505121487356,Other Intel Processor,64,Others/Chrome OS
779,599.0,Samsung,Intel,8,4,1,0,165.6321180513006,Intel Core i3,64,Others/Chrome OS
780,449.0,HP,Intel,8,4,0,0,111.93520355955211,Intel Celeron,64,Windows
781,349.0,HP,Intel,8,2,0,0,141.21199808219862,Intel Celeron,64,Others/Chrome OS
783,700.0,Asus,Intel,8,2,0,0,157.3505121487356,Intel Core i3,1024,Windows
784,679.0,Asus,Intel,16,2,0,0,111.93520355955211,Intel Core i3,1024,Windows
785,673.0,Asus,Intel,16,2,0,0,111.93520355955211,Intel Core i3,1024,Windows
786,999.0,HP,Intel,8,10,0,0,127.33567457123111,Intel Core i5,1024,Windows
787,669.0,HP,Intel,16,4,0,0,100.45466986113651,Other Intel Processor,1024,Windows
788,749.0,HP,Intel,16,4,0,0,100.45466986113651,Other Intel Processor,1024,Windows
789,1399.0,Dell,Intel,16,10,0,0,188.67962264113208,Intel Core i7,1024,Windows
790,1658.0,HP,Intel,16,10,0,0,163.17830889498507,Intel Core i5,1024,Windows
791,799.0,Dell,Intel,16,4,1,0,141.21199808219862,Intel Core i5,1024,Windows
792,779.0,Dell,Intel,16,4,1,0,141.21199808219862,Intel Core i5,1024,Windows
793,749.0,Dell,Intel,16,8,1,0,141.21199808219862,Intel Core i5,1024,Windows
795,649.0,Dell,Intel,16,6,0,0,141.21199808219862,Intel Core i3,1024,Windows
796,679.0,HP,Intel,16,2,0,0,100.45466986113651,Intel Core i3,1024,Windows
797,739.0,HP,Intel,16,6,1,0,100.45466986113651,Intel Core i3,1024,Windows
798,669.0,HP,Intel,16,6,0,0,141.21199808219862,Intel Core i3,1024,Windows
799,619.0,HP,Intel,16,6,0,0,141.21199808219862,Intel Core i3,1024,Windows
800,649.0,HP,Intel,16,6,0,0,141.21199808219862,Intel Core i3,1024,Windows
801,849.0,HP,Intel,16,6,0,1,127.33567457123111,Intel Core i3,1024,Windows
802,839.0,HP,Intel,16,8,0,1,127.33567457123111,Intel Core i3,1024,Windows
803,599.0,HP,Intel,16,2,0,0,141.21199808219862,Intel Celeron,1024,Windows
804,719.0,HP,Intel,32,4,0,0,100.45466986113651,Other Intel Processor,1024,Windows
805,879.0,Dell,Intel,32,4,1,0,141.21199808219862,Intel Core i5,1024,Windows
806,719.0,HP,Intel,32,2,0,0,100.45466986113651,Intel Core i3,1024,Windows
807,764.0,HP,Intel,32,6,1,0,100.45466986113651,Intel Core i3,1024,Windows
808,779.0,HP,Intel,32,6,1,0,100.45466986113651,Intel Core i3,1024,Windows
809,759.0,HP,Intel,32,6,0,0,141.21199808219862,Intel Core i3,1024,Windows
810,699.0,HP,Intel,32,6,0,0,141.21199808219862,Intel Core i3,1024,Windows
812,899.0,HP,Intel,32,6,0,1,127.33567457123111,Intel Core i3,1024,Windows
813,889.0,HP,Intel,32,8,0,1,127.33567457123111,Intel Core i3,1024,Windows
814,1999.0,Acer,Intel,16,14,0,0,242.5880862528841,Intel Core i7,1024,Windows
815,2442.0,Dell,Intel,32,14,0,0,145.1381712624093,Intel Core i7,1024,Windows
816,1980.0,Dell,Intel,16,14,0,0,145.1381712624093,Intel Core i7,512,Windows
817,1647.0,Samsung,Intel,16,10,0,0,141.21199808219862,Intel Core i7,512,Windows
820,1170.0,Acer,Intel,16,1,0,0,141.50971698084905,Intel Core i5,512,Windows
821,288.0,Asus,Intel,8,2,0,0,157.3505121487356,Other Intel Processor,64,Others/Chrome OS
822,399.0,Asus,Intel,4,4,0,0,100.45466986113651,Intel Celeron,64,Others/Chrome OS
823,359.0,Asus,Intel,4,2,0,0,127.33567457123111,Intel Celeron,64,Others/Chrome OS
824,567.0,Asus,Intel,4,1,1,0,111.93520355955211,Intel Celeron,64,Windows
825,359.0,Asus,Intel,4,2,1,0,111.93520355955211,Intel Celeron,64,Windows
826,499.0,Asus,Intel,4,2,0,0,157.3505121487356,Intel Celeron,64,Others/Chrome OS
827,257.0,Acer,Intel,4,2,0,0,100.45466986113651,Other Intel Processor,64,Others/Chrome OS
828,369.0,HP,Intel,4,2,0,0,111.93520355955211,Intel Celeron,64,Windows
829,295.0,HP,Intel,4,2,0,0,111.93520355955211,Intel Celeron,64,Windows
830,290.0,Acer,Intel,4,2,0,0,141.21199808219862,Intel Celeron,64,Windows
831,349.0,Samsung,Intel,4,1,0,0,141.21199808219862,Intel Celeron,64,Others/Chrome OS
832,339.0,Acer,Intel,4,2,0,0,189.90579052433606,Intel Celeron,64,Others/Chrome OS
833,319.0,Samsung,Intel,4,2,0,0,135.0942111925629,Intel Celeron,64,Others/Chrome OS
834,299.0,Acer,Intel,4,2,1,1,157.3505121487356,Intel Celeron,64,Others/Chrome OS
835,363.0,HP,Intel,4,2,0,0,157.3505121487356,Intel Celeron,64,Windows
836,279.0,Lenovo,Intel,4,2,0,0,111.93520355955211,Intel Celeron,64,Windows
837,269.0,Acer,Intel,4,2,0,0,100.45466986113651,Intel Celeron,64,Others/Chrome OS
838,274.0,HP,Intel,16,4,0,0,111.93520355955211,Intel Celeron,64,Others/Chrome OS
839,214.0,Lenovo,Intel,16,2,0,0,111.93520355955211,Intel Celeron,64,Windows
840,259.0,Lenovo,Intel,16,2,0,0,111.93520355955211,Intel Celeron,64,Windows
841,399.0,Acer,Intel,16,2,0,0,146.86047800548656,Intel Celeron,64,Others/Chrome OS
842,349.0,HP,Intel,4,4,0,0,111.93520355955211,Other Intel Processor,64,Others/Chrome OS
843,824.0,Samsung,Intel,4,1,0,0,184.07768062549468,Intel Core i3,64,Others/Chrome OS
844,479.0,Samsung,Intel,4,2,1,0,184.07768062549468,Intel Celeron,64,Others/Chrome OS
845,717.0,Samsung,Intel,4,2,1,0,184.07768062549468,Intel Celeron,64,Others/Chrome OS
846,339.0,HP,Intel,4,2,0,0,157.3505121487356,Intel Celeron,64,Windows
847,399.0,HP,Intel,4,2,1,0,111.93520355955211,Intel Celeron,64,Others/Chrome OS
848,275.0,HP,Intel,4,2,0,0,111.93520355955211,Intel Celeron,64,Windows
849,349.0,HP,Intel,4,2,0,0,111.93520355955211,Intel Celeron,64,Windows
850,359.0,HP,Intel,4,2,0,0,111.93520355955211,Intel Celeron,64,Windows
852,389.0,HP,Intel,4,2,0,0,111.93520355955211,Intel Celeron,64,Windows
854,299.0,HP,Intel,4,4,0,0,111.93520355955211,Intel Celeron,64,Windows
855,349.0,HP,Intel,4,4,0,0,111.93520355955211,Intel Celeron,64,Windows
856,339.0,HP,Intel,4,2,0,0,111.93520355955211,Intel Celeron,64,Windows
857,399.0,HP,Intel,8,2,0,0,111.93520355955211,Intel Celeron,64,Windows
858,419.0,HP,Intel,8,2,0,0,111.93520355955211,Intel Celeron,64,Windows
861,349.0,HP,Intel,8,4,0,0,111.93520355955211,Intel Celeron,64,Windows
863,309.0,HP,Intel,8,2,0,0,111.93520355955211,Intel Celeron,64,Windows
864,429.0,HP,Intel,16,2,0,0,111.93520355955211,Intel Celeron,64,Windows
865,479.0,HP,Intel,16,2,0,0,111.93520355955211,Intel Celeron,64,Windows
866,379.0,HP,Intel,16,2,0,0,111.93520355955211,Intel Celeron,64,Windows
867,389.0,HP,Intel,16,4,0,0,111.93520355955211,Intel Celeron,64,Windows
869,229.0,HP,Intel,4,2,0,0,157.3505121487356,Other Intel Processor,64,Others/Chrome OS
871,719.0,Lenovo,Intel,8,4,0,0,157.3505121487356,Intel Core i5,256,Windows
872,2829.0,Lenovo,Intel,32,1,1,0,161.72539083525606,Intel Core i7,512,Windows
873,2349.0,Lenovo,Intel,16,1,1,0,157.3505121487356,Intel Core i7,512,Windows
874,959.0,Lenovo,Intel,16,10,0,0,157.3505121487356,Intel Core i7,512,Windows
875,2099.0,Lenovo,Intel,16,12,1,0,161.72539083525606,Intel Core i7,512,Windows
876,599.0,Lenovo,Intel,16,4,0,0,157.3505121487356,Intel Core i5,512,Windows
878,2549.0,Lenovo,Intel,32,12,0,1,161.72539083525606,Intel Core i7,512,Windows
879,699.0,Lenovo,Intel,8,4,0,0,157.3505121487356,Intel Core i5,256,Windows
880,2849.0,Lenovo,Intel,32,12,0,1,161.72539083525606,Intel Core i7,2048,Windows
881,1199.0,Lenovo,Intel,40,10,0,0,157.3505121487356,Intel Core i7,2048,Windows
882,1039.0,Lenovo,Intel,16,10,0,0,157.3505121487356,Intel Core i7,1024,Windows
883,2699.0,Lenovo,Intel,32,12,0,1,161.72539083525606,Intel Core i7,1024,Windows
884,1099.0,Lenovo,Intel,40,10,0,0,157.3505121487356,Intel Core i7,1024,Windows
885,551.0,Lenovo,Intel,8,6,1,0,157.3505121487356,Intel Core i5,512,Windows
886,549.0,Lenovo,Intel,8,2,0,0,157.3505121487356,Intel Core i3,512,Windows
887,599.0,Lenovo,Intel,12,2,1,0,100.45466986113651,Intel Core i3,512,Windows
888,649.0,Lenovo,Intel,16,2,1,0,141.21199808219862,Intel Core i3,512,Windows
889,699.0,Lenovo,Intel,8,6,0,0,141.21199808219862,Intel Core i5,256,Windows
890,545.0,Lenovo,Intel,8,2,0,0,157.3505121487356,Intel Core i3,256,Windows
891,549.0,Lenovo,Intel,8,2,1,0,100.45466986113651,Intel Core i3,256,Windows
892,499.0,Lenovo,Intel,8,4,1,0,141.21199808219862,Intel Core i3,256,Windows
893,489.0,Lenovo,Intel,4,4,1,0,157.3505121487356,Intel Core i3,128,Windows
894,589.0,Lenovo,Intel,8,6,1,0,161.72539083525606,Intel Core i3,128,Others/Chrome OS
895,679.0,Lenovo,Intel,16,2,1,0,141.21199808219862,Intel Core i3,1024,Windows
896,264.0,Lenovo,Intel,16,2,0,0,135.0942111925629,Intel Celeron,128,Windows
897,209.0,Lenovo,Intel,4,2,0,0,111.93520355955211,Intel Celeron,64,Windows
898,539.0,Lenovo,Intel,16,4,0,0,157.3505121487356,Intel Core i3,256,Windows
899,282.0,Lenovo,Intel,16,1,0,0,111.93520355955211,Intel Celeron,128,Windows
900,1259.0,Lenovo,Intel,16,1,1,0,157.3505121487356,Intel Core i7,512,Windows
901,679.0,Lenovo,Intel,8,4,0,0,157.3505121487356,Intel Core i7,512,Windows
902,649.0,Lenovo,Intel,8,4,0,0,157.3505121487356,Intel Core i5,512,Windows
903,297.0,Lenovo,Intel,8,4,0,1,157.3505121487356,Intel Core i5,512,Windows
904,669.0,Lenovo,Intel,8,4,1,0,141.21199808219862,Intel Core i5,512,Windows
906,599.0,Lenovo,Intel,8,6,0,0,170.23725351079585,Intel Core i3,512,Windows
907,499.0,Lenovo,Intel,12,2,0,0,111.93520355955211,Other Intel Processor,512,Windows
908,549.0,Lenovo,Intel,12,4,0,0,141.21199808219862,Other Intel Processor,512,Windows
909,1524.0,Lenovo,Intel,16,4,0,1,191.51691019964534,Intel Core i7,512,Windows
910,1319.0,Lenovo,Intel,16,4,0,0,331.2642361026012,Intel Core i7,512,Windows
911,1329.0,Lenovo,Intel,16,4,0,0,223.62029350060098,Intel Core i7,512,Windows
912,1699.0,Lenovo,Intel,16,4,1,0,157.3505121487356,Intel Core i7,512,Windows
913,1499.0,Lenovo,Intel,16,10,0,0,161.72539083525606,Intel Core i7,512,Windows
914,1644.0,Lenovo,Intel,16,1,1,0,161.72539083525606,Intel Core i7,512,Windows
915,1699.0,Lenovo,Intel,16,4,1,1,157.3505121487356,Intel Core i7,512,Windows
916,1146.0,Lenovo,Intel,16,10,0,0,141.21199808219862,Intel Core i7,512,Windows
917,1249.0,Lenovo,Intel,16,10,1,0,141.50971698084905,Intel Core i7,512,Windows
918,1592.0,Lenovo,Intel,16,1,1,0,141.50971698084905,Intel Core i7,512,Windows
919,1259.0,Lenovo,Intel,16,10,0,0,141.50971698084905,Intel Core i7,512,Windows
920,1686.0,Lenovo,Intel,16,10,1,1,141.50971698084905,Intel Core i7,512,Windows
921,679.0,Lenovo,Intel,16,4,0,0,157.3505121487356,Intel Core i5,512,Windows
922,699.0,Lenovo,Intel,16,4,0,0,157.3505121487356,Intel Core i5,512,Windows
923,1149.0,Lenovo,Intel,16,10,1,0,193.66961136778,Intel Core i5,512,Windows
924,719.0,Lenovo,Intel,16,4,1,0,141.21199808219862,Intel Core i5,512,Windows
926,1335.0,Lenovo,Intel,16,10,0,1,141.21199808219862,Intel Core i5,512,Windows
927,619.0,Lenovo,Intel,16,2,1,1,141.21199808219862,Intel Core i3,512,Windows
928,669.0,Lenovo,Intel,16,2,1,0,141.21199808219862,Intel Core i3,512,Windows
929,549.0,Lenovo,Intel,16,2,0,0,141.21199808219862,Intel Celeron,512,Windows
930,2599.0,Lenovo,Intel,32,12,1,0,157.3505121487356,Intel Core i7,512,Windows
931,2671.0,Lenovo,Intel,32,12,0,1,141.50971698084905,Intel Core i7,3072,Windows
932,3387.0,Lenovo,Intel,48,10,0,0,161.72539083525606,Intel Core i7,3072,Windows
933,2299.0,Lenovo,Intel,16,12,1,0,161.72539083525606,Intel Core i7,2048,Windows
934,1299.0,Lenovo,Intel,16,10,1,0,209.8006828649808,Intel Core i5,2048,Windows
935,2914.0,Lenovo,Intel,24,10,0,0,161.72539083525606,Intel Core i7,2048,Windows
936,2799.0,Lenovo,Intel,32,12,1,0,157.3505121487356,Intel Core i7,2048,Windows
937,2037.0,Lenovo,Intel,32,10,1,1,141.50971698084905,Intel Core i7,2048,Windows
939,869.0,Lenovo,Intel,40,4,0,0,157.3505121487356,Intel Core i5,2048,Windows
940,899.0,Lenovo,Intel,40,4,1,0,141.21199808219862,Intel Core i5,2048,Windows
941,2793.0,Lenovo,Intel,48,12,0,0,141.50971698084905,Intel Core i7,2048,Windows
942,1389.0,Lenovo,Intel,16,4,0,0,331.2642361026012,Intel Core i7,1024,Windows
943,729.0,Lenovo,Intel,16,4,0,0,157.3505121487356,Intel Core i5,1024,Windows
944,749.0,Lenovo,Intel,16,4,0,0,157.3505121487356,Intel Core i5,1024,Windows
945,1229.0,Lenovo,Intel,16,10,1,0,188.67962264113206,Intel Core i5,1024,Windows
946,769.0,Lenovo,Intel,16,4,1,0,141.21199808219862,Intel Core i5,1024,Windows
947,779.0,Lenovo,Intel,16,4,1,0,141.21199808219862,Intel Core i5,1024,Windows
948,2699.0,Lenovo,Intel,32,12,1,0,157.3505121487356,Intel Core i7,1024,Windows
949,2142.0,Lenovo,Intel,32,10,1,1,161.72539083525606,Intel Core i7,1024,Windows
950,1605.0,Lenovo,Intel,32,10,1,1,141.50971698084905,Intel Core i7,1024,Windows
951,1875.0,Lenovo,Intel,32,10,1,1,141.50971698084905,Intel Core i7,1024,Windows
952,779.0,Lenovo,Intel,40,4,0,0,157.3505121487356,Intel Core i5,1024,Windows
953,789.0,Lenovo,Intel,40,4,0,0,157.3505121487356,Intel Core i5,1024,Windows
954,839.0,Lenovo,Intel,40,4,1,0,141.21199808219862,Intel Core i5,1024,Windows
956,408.0,Asus,Intel,8,1,0,0,135.0942111925629,Intel Celeron,128,Windows
957,508.0,Acer,Intel,4,2,0,1,141.21199808219862,Intel Core i3,128,Windows
958,799.0,HP,Intel,8,10,1,0,157.3505121487356,Intel Core i5,512,Windows
959,779.0,Acer,Intel,8,4,0,0,141.21199808219862,Intel Core i5,512,Windows
960,768.0,Dell,Intel,8,4,0,1,141.21199808219862,Intel Core i5,512,Windows
961,689.0,HP,Intel,8,4,0,0,141.21199808219862,Intel Core i5,512,Windows
962,659.0,HP,Intel,12,4,0,0,141.21199808219862,Intel Core i5,512,Windows
963,1507.0,Acer,Intel,16,4,1,1,226.98300468106115,Intel Core i7,512,Windows
964,1399.0,Dell,Intel,16,10,0,0,168.96682624578992,Intel Core i7,512,Windows
965,2343.0,Microsoft,Intel,16,4,1,0,200.84255993695703,Intel Core i7,512,Windows
966,1025.0,Acer,Intel,16,4,0,1,200.84255993695703,Intel Core i7,512,Windows
967,1376.0,Microsoft,Intel,16,2,0,0,200.84255993695703,Intel Core i7,512,Windows
968,2796.0,Microsoft,Intel,16,4,1,0,200.84255993695703,Intel Core i7,512,Windows
969,2189.0,Microsoft,Intel,16,4,1,0,200.84255993695703,Intel Core i7,512,Windows
970,1809.0,Microsoft,Intel,16,10,1,0,200.84255993695703,Intel Core i7,512,Windows
971,2299.0,Microsoft,Intel,16,10,1,0,200.84255993695703,Intel Core i7,512,Windows
972,1899.0,Microsoft,Intel,16,10,1,0,251.5728301881761,Intel Core i7,512,Windows
974,2437.0,Microsoft,Intel,16,4,1,0,200.84255993695703,Intel Core i7,512,Windows
975,899.0,Acer,Intel,16,14,0,0,193.66961136778,Intel Core i7,512,Windows
976,1049.0,Dell,Intel,16,12,0,0,157.3505121487356,Intel Core i7,512,Windows
977,1299.0,Dell,Intel,16,4,0,0,157.3505121487356,Intel Core i7,512,Windows
978,1029.0,Dell,Intel,16,2,0,0,157.3505121487356,Intel Core i7,512,Windows
979,2349.0,Microsoft,Intel,16,4,1,0,199.98791074573595,Intel Core i7,512,Windows
980,1939.0,Microsoft,Intel,16,10,1,0,201.2582641505409,Intel Core i7,512,Windows
981,1199.0,HP,Intel,16,10,1,0,141.21199808219862,Intel Core i7,512,Windows
982,999.0,Samsung,Intel,16,10,0,0,141.21199808219862,Intel Core i7,512,Windows
984,1287.0,Samsung,Intel,16,1,0,0,137.68169813014364,Intel Core i7,512,Windows
985,2479.0,Microsoft,Intel,16,1,0,0,201.2582641505409,Intel Core i7,512,Windows
986,1343.0,Samsung,Intel,16,4,1,0,165.6321180513006,Intel Core i5,512,Windows
987,1522.0,HP,Intel,16,1,0,0,167.7152201254507,Intel Core i5,512,Windows
988,1689.0,Lenovo,Intel,40,10,0,0,141.50971698084905,Intel Core i7,1024,Windows
989,355.0,Asus,Intel,4,1,0,0,141.21199808219862,Intel Celeron,128,Windows
990,429.0,Asus,Intel,4,2,0,0,141.21199808219862,Intel Celeron,128,Windows
991,598.0,Asus,Intel,8,6,0,0,161.72539083525606,Intel Core i3,128,Others/Chrome OS
992,483.0,Samsung,Intel,4,1,0,0,135.0942111925629,Intel Celeron,32,Others/Chrome OS
993,513.0,Samsung,Intel,2,2,0,0,135.0942111925629,Intel Celeron,32,Others/Chrome OS
994,779.0,Asus,Intel,8,1,0,0,141.21199808219862,Intel Core i3,128,Windows
996,879.0,Dell,Intel,16,1,0,0,157.3505121487356,Intel Core i5,512,Windows
997,1199.0,Dell,NVIDIA,16,12,0,0,157.3505121487356,Intel Core i5,512,Windows
998,699.0,Acer,Intel,16,10,0,0,141.21199808219862,Intel Core i5,512,Windows
999,879.0,Dell,Intel,16,4,0,0,141.21199808219862,Intel Core i5,512,Windows
1000,699.0,Dell,Intel,16,10,0,0,141.21199808219862,Intel Core i5,512,Windows
1002,2126.0,Microsoft,Intel,16,6,0,0,221.976026636626,Intel Core i5,512,Windows
1003,599.0,Acer,Intel,16,8,0,0,141.21199808219862,Intel Core i3,512,Windows
1004,599.0,HP,Intel,16,12,1,0,100.45466986113651,Intel Core i3,512,Windows
1005,709.0,HP,AMD,16,1,0,0,165.6321180513006,AMD Ryzen 7,512,Windows
1006,925.0,Microsoft,AMD,16,4,1,0,180.75830394326132,AMD Ryzen 7,512,Windows
1007,879.0,HP,AMD,16,8,1,1,141.21199808219862,AMD Ryzen 7,512,Windows
1008,1186.0,Dell,AMD,16,6,1,0,161.72539083525606,AMD Ryzen 5,512,Windows
1009,714.0,Dell,AMD,16,6,0,0,141.21199808219862,AMD Ryzen 5,512,Windows
1010,579.0,Dell,AMD,32,1,0,0,141.21199808219862,AMD Ryzen 5,512,Windows
1011,719.0,Asus,Intel,4,1,1,0,157.3505121487356,Other Intel Processor,32,Others/Chrome OS
1012,447.0,Samsung,Intel,4,2,0,0,127.40592275070972,Intel Celeron,32,Others/Chrome OS
1013,238.0,Acer,Intel,4,2,0,0,111.93520355955211,Intel Celeron,32,Others/Chrome OS
1014,597.0,Dell,Intel,8,10,0,0,141.21199808219862,Intel Core i5,256,Windows
1015,829.0,Dell,Intel,8,10,0,0,141.21199808219862,Intel Core i5,256,Windows
1016,679.0,Dell,Intel,8,4,0,0,141.21199808219862,Intel Core i5,256,Windows
1017,588.0,Dell,Intel,8,4,0,0,141.21199808219862,Intel Core i5,256,Windows
1018,558.0,Dell,Intel,8,10,0,0,141.21199808219862,Intel Core i5,256,Windows
1019,567.0,HP,Intel,8,1,0,0,141.21199808219862,Intel Core i5,256,Windows
1020,665.0,HP,Intel,8,4,0,0,141.21199808219862,Intel Core i5,256,Windows
1021,899.0,Samsung,Intel,8,2,1,0,165.6321180513006,Intel Core i5,256,Windows
1022,429.0,Dell,Intel,8,6,0,0,141.21199808219862,Intel Core i3,256,Windows
1023,599.0,Dell,Intel,8,2,0,0,141.21199808219862,Intel Core i3,256,Windows
1024,472.0,HP,Intel,8,4,0,0,141.21199808219862,Intel Core i3,256,Windows
1025,525.0,HP,Intel,8,6,0,0,141.21199808219862,Intel Core i3,256,Windows
1026,455.0,HP,Intel,8,4,1,0,141.21199808219862,Intel Core i3,256,Windows
1027,597.0,HP,Intel,8,12,1,0,100.45466986113651,Intel Core i3,256,Windows
1029,799.0,Acer,AMD,8,4,0,1,141.21199808219862,AMD Ryzen 7,256,Windows
1030,789.0,Microsoft,AMD,8,8,1,0,199.98791074573595,AMD Ryzen 7,256,Windows
1032,1311.0,Microsoft,AMD,8,6,1,0,200.84255993695703,AMD Ryzen 5,256,Windows
1033,599.0,HP,AMD,8,6,0,0,157.3505121487356,AMD Ryzen 5,256,Windows
1034,801.0,Acer,AMD,8,6,0,1,141.21199808219862,AMD Ryzen 5,256,Windows
1035,699.0,Dell,AMD,8,4,0,0,100.45466986113651,AMD Ryzen 5,256,Windows
1036,949.0,Microsoft,AMD,8,4,1,0,180.75830394326132,AMD Ryzen 5,256,Windows
1037,499.0,Acer,AMD,8,2,0,0,141.21199808219862,Other AMD Processor,256,Windows
1038,684.0,HP,AMD,8,4,0,0,106.11306214269258,Other AMD Processor,256,Windows
1039,1325.0,Microsoft,Intel,16,4,0,0,200.84255993695703,Intel Core i7,256,Windows
1040,1799.0,Microsoft,AMD,16,4,1,0,199.98791074573595,Intel Core i7,256,Windows
1042,999.0,Dell,Intel,16,1,1,0,165.6321180513006,Intel Core i5,256,Windows
1043,559.0,HP,Intel,16,4,0,0,111.93520355955211,Intel Core i5,256,Windows
1044,847.0,Microsoft,Intel,16,4,0,0,209.64402515681343,Intel Core i5,256,Windows
1045,749.0,Asus,AMD,16,4,0,0,141.21199808219862,AMD Ryzen 5,512,Windows
1046,1227.0,Dell,AMD,16,1,0,0,137.68169813014364,AMD Ryzen 7,512,Windows
1047,339.0,HP,AMD,4,2,0,0,157.3505121487356,Other AMD Processor,32,Others/Chrome OS
1048,442.0,Asus,AMD,8,2,0,0,157.3505121487356,Other AMD Processor,256,Windows
1049,629.0,Asus,AMD,8,4,0,0,100.45466986113651,AMD Ryzen 5,256,Windows
1050,924.0,Microsoft,AMD,8,4,1,0,199.98791074573595,AMD Ryzen 5,256,Windows
1051,869.0,Lenovo,AMD,16,4,0,0,141.21199808219862,AMD Ryzen 5,1024,Windows
1052,599.0,Lenovo,AMD,20,2,0,0,100.45466986113651,Other AMD Processor,1024,Windows
1053,1249.0,Lenovo,AMD,24,8,0,0,157.3505121487356,AMD Ryzen 7,1024,Windows
1054,949.0,Lenovo,AMD,40,8,0,1,141.21199808219862,AMD Ryzen 7,1024,Windows
1055,999.0,Lenovo,AMD,8,8,0,0,157.3505121487356,AMD Ryzen 7,256,Windows
1056,469.0,Lenovo,AMD,8,2,0,0,100.45466986113651,Other AMD Processor,256,Windows
1057,1399.0,Lenovo,AMD,40,8,0,0,157.3505121487356,AMD Ryzen 7,2048,Windows
1058,999.0,Lenovo,AMD,40,8,0,1,141.21199808219862,AMD Ryzen 7,2048,Windows
1059,1149.0,Lenovo,AMD,16,8,0,0,157.3505121487356,AMD Ryzen 7,1024,Windows
1060,899.0,Lenovo,AMD,16,8,0,1,141.21199808219862,AMD Ryzen 7,1024,Windows
1061,1749.0,Asus,AMD,32,8,0,0,141.50971698084905,AMD Ryzen 7,2048,Windows
1062,1849.0,Asus,AMD,64,8,0,0,137.68169813014364,AMD Ryzen 7,2048,Windows
1063,1699.0,Asus,AMD,16,8,0,0,141.50971698084905,AMD Ryzen 7,1024,Windows
1064,1699.0,Asus,AMD,32,8,0,0,141.50971698084905,AMD Ryzen 7,1024,Windows
1065,1255.0,Asus,AMD,12,4,0,0,141.21199808219862,AMD Ryzen 7,512,Windows
1066,999.0,Asus,AMD,16,8,0,0,141.21199808219862,AMD Ryzen 7,512,Windows
1067,819.0,Asus,AMD,16,8,0,0,137.68169813014364,AMD Ryzen 7,512,Windows
1070,999.0,Asus,AMD,24,8,0,0,137.68169813014364,AMD Ryzen 7,512,Windows
1071,565.0,Acer,AMD,8,4,0,1,157.3505121487356,AMD Ryzen 5,512,Windows
1072,568.0,Dell,AMD,8,6,1,0,141.21199808219862,AMD Ryzen 5,512,Windows
1073,795.0,Acer,AMD,8,4,0,0,141.21199808219862,Other AMD Processor,512,Windows
1074,833.0,HP,AMD,16,8,0,0,165.6321180513006,AMD Ryzen 7,512,Windows
1075,839.0,Acer,AMD,16,8,0,0,141.21199808219862,AMD Ryzen 7,512,Windows
1076,849.0,Acer,AMD,16,8,0,0,141.21199808219862,AMD Ryzen 7,512,Windows
1077,1106.0,Acer,AMD,16,8,0,1,141.21199808219862,AMD Ryzen 7,512,Windows
1078,969.0,Dell,AMD,16,8,0,0,141.21199808219862,AMD Ryzen 7,512,Windows
1079,1049.0,Acer,AMD,16,8,0,1,157.3505121487356,AMD Ryzen 7,512,Windows
1080,889.0,HP,AMD,16,6,0,0,157.3505121487356,AMD Ryzen 5,512,Windows
1081,741.0,Dell,AMD,16,6,0,0,141.21199808219862,AMD Ryzen 5,512,Windows
1082,679.0,HP,AMD,16,4,0,0,141.21199808219862,AMD Ryzen 5,512,Windows
1083,689.0,HP,AMD,16,4,0,0,141.21199808219862,AMD Ryzen 5,512,Windows
1084,849.0,HP,AMD,16,6,0,0,141.21199808219862,AMD Ryzen 5,512,Windows
1085,579.0,HP,AMD,16,2,0,1,157.3505121487356,Other AMD Processor,512,Windows
1086,916.0,Dell,AMD,16,2,0,0,141.21199808219862,Other AMD Processor,512,Windows
1087,619.0,HP,AMD,32,2,0,1,157.3505121487356,Other AMD Processor,512,Windows
1088,1618.0,Dell,AMD,64,6,0,0,141.21199808219862,AMD Ryzen 5,3072,Windows
1090,388.0,Acer,AMD,16,1,0,0,189.90579052433606,Other AMD Processor,32,Others/Chrome OS
1091,599.0,HP,AMD,8,4,0,0,157.3505121487356,Other AMD Processor,256,Windows
1092,795.0,Acer,AMD,8,2,0,1,141.21199808219862,Other AMD Processor,256,Windows
1093,687.0,Acer,AMD,8,4,0,0,141.21199808219862,Other AMD Processor,256,Windows
1094,819.0,HP,AMD,16,6,0,0,157.3505121487356,AMD Ryzen 5,256,Windows
1095,629.0,HP,AMD,16,4,0,0,141.21199808219862,AMD Ryzen 5,256,Windows
1096,639.0,HP,AMD,16,4,0,0,141.21199808219862,AMD Ryzen 5,256,Windows
1097,549.0,HP,AMD,16,2,0,1,157.3505121487356,Other AMD Processor,256,Windows
1098,1089.0,Asus,AMD,40,8,0,0,137.68169813014364,AMD Ryzen 7,2048,Windows
1099,779.0,HP,AMD,16,4,0,0,141.21199808219862,AMD Ryzen 5,2048,Windows
1100,949.0,Lenovo,AMD,16,4,0,0,141.21199808219862,AMD Ryzen 5,2048,Windows
1101,1249.0,Dell,AMD,32,8,0,0,141.21199808219862,AMD Ryzen 7,2048,Windows
1102,1069.0,HP,AMD,32,6,0,0,157.3505121487356,AMD Ryzen 5,2048,Windows
1103,1092.0,Dell,AMD,32,6,0,0,141.21199808219862,AMD Ryzen 5,2048,Windows
1104,979.0,HP,AMD,32,6,0,0,141.21199808219862,AMD Ryzen 5,2048,Windows
1105,739.0,HP,AMD,32,2,0,1,157.3505121487356,Other AMD Processor,2048,Windows
1106,989.0,Acer,AMD,40,8,0,0,141.21199808219862,AMD Ryzen 7,2048,Windows
1107,999.0,Acer,AMD,40,8,0,0,141.21199808219862,AMD Ryzen 7,2048,Windows
1108,1479.0,Asus,AMD,8,8,0,0,127.33567457123111,AMD Ryzen 7,2048,Windows
1109,999.0,Asus,AMD,8,6,0,0,141.21199808219862,AMD Ryzen 5,2048,Windows
1110,499.0,Acer,AMD,8,4,0,0,141.21199808219862,Other AMD Processor,128,Windows
1111,899.0,Asus,AMD,8,6,0,0,141.21199808219862,AMD Ryzen 5,1024,Windows
1112,1399.0,Asus,AMD,16,8,0,0,215.6338544470081,AMD Ryzen 7,1024,Windows
1114,1349.0,Asus,AMD,16,8,0,0,215.6338544470081,AMD Ryzen 7,1024,Windows
1115,969.0,Asus,AMD,24,8,0,0,137.68169813014364,AMD Ryzen 7,1024,Windows
1116,1019.0,Asus,AMD,40,8,0,0,137.68169813014364,AMD Ryzen 7,1024,Windows
1117,781.0,Acer,AMD,8,4,1,1,141.21199808219862,AMD Ryzen 5,1024,Windows
1118,871.0,HP,AMD,8,6,0,0,141.21199808219862,AMD Ryzen 5,1024,Windows
1119,1484.0,Acer,AMD,16,8,0,0,242.5880862528841,AMD Ryzen 7,1024,Windows
1120,1119.0,Dell,AMD,16,8,0,0,161.72539083525606,AMD Ryzen 7,1024,Windows
1121,889.0,Acer,AMD,16,8,0,0,141.21199808219862,AMD Ryzen 7,1024,Windows
1122,899.0,Acer,AMD,16,8,0,0,141.21199808219862,AMD Ryzen 7,1024,Windows
1123,1018.0,Dell,AMD,16,1,0,0,188.67962264113208,AMD Ryzen 7,1024,Windows
1124,1099.0,Dell,AMD,16,8,0,0,141.50971698084905,AMD Ryzen 7,1024,Windows
1125,919.0,HP,AMD,16,6,0,0,157.3505121487356,AMD Ryzen 5,1024,Windows
1126,822.0,Dell,AMD,16,6,0,0,141.21199808219862,AMD Ryzen 5,1024,Windows
1127,889.0,Dell,AMD,16,6,0,0,141.21199808219862,AMD Ryzen 5,1024,Windows
1128,719.0,HP,AMD,16,4,0,0,141.21199808219862,AMD Ryzen 5,1024,Windows
1129,739.0,HP,AMD,16,4,0,0,141.21199808219862,AMD Ryzen 5,1024,Windows
1130,899.0,HP,AMD,16,6,0,0,141.21199808219862,AMD Ryzen 5,1024,Windows
1131,629.0,HP,AMD,16,4,0,0,100.45466986113651,Other AMD Processor,1024,Windows
1132,1179.0,Dell,AMD,32,8,0,0,141.21199808219862,AMD Ryzen 7,1024,Windows
1133,1309.0,Dell,AMD,32,8,0,1,141.21199808219862,AMD Ryzen 7,1024,Windows
1134,969.0,HP,AMD,32,6,0,0,157.3505121487356,AMD Ryzen 5,1024,Windows
1135,930.0,Dell,AMD,32,6,0,0,141.21199808219862,AMD Ryzen 5,1024,Windows
1136,930.0,Dell,AMD,32,6,1,1,141.21199808219862,AMD Ryzen 5,1024,Windows
1137,929.0,HP,AMD,32,6,0,0,141.21199808219862,AMD Ryzen 5,1024,Windows
1138,669.0,HP,AMD,32,2,0,1,157.3505121487356,Other AMD Processor,1024,Windows
1139,699.0,HP,AMD,32,4,0,0,100.45466986113651,Other AMD Processor,1024,Windows
1140,939.0,Acer,AMD,40,8,0,0,141.21199808219862,AMD Ryzen 7,1024,Windows
1143,619.0,Lenovo,AMD,8,4,0,0,157.3505121487356,AMD Ryzen 5,256,Windows
1144,1049.0,Lenovo,AMD,16,8,1,0,161.72539083525606,AMD Ryzen 7,512,Windows
1145,999.0,Lenovo,AMD,16,8,1,0,157.3505121487356,AMD Ryzen 7,512,Windows
1146,849.0,Lenovo,AMD,16,6,1,0,170.23725351079585,AMD Ryzen 5,512,Windows
1148,999.0,Lenovo,AMD,16,8,1,0,141.50971698084905,AMD Ryzen 7,1024,Windows
1149,498.0,Lenovo,AMD,8,6,0,0,141.21199808219862,AMD Ryzen 5,512,Windows
1150,2374.0,Lenovo,AMD,64,8,1,1,161.72539083525606,AMD Ryzen 7,3072,Windows
1152,719.0,Lenovo,AMD,8,8,1,0,157.3505121487356,AMD Ryzen 7,512,Windows
1153,648.0,Lenovo,AMD,8,8,0,0,157.3505121487356,AMD Ryzen 7,512,Windows
1154,519.0,Lenovo,AMD,12,2,0,0,100.45466986113651,Other AMD Processor,512,Windows
1155,1099.0,Lenovo,AMD,16,8,0,0,157.3505121487356,AMD Ryzen 7,512,Windows
1156,1269.0,Lenovo,AMD,16,8,1,1,157.3505121487356,AMD Ryzen 7,512,Windows
1157,1149.0,Lenovo,AMD,16,8,1,0,141.50971698084905,AMD Ryzen 7,512,Windows
1158,729.0,Lenovo,AMD,16,6,0,0,157.3505121487356,AMD Ryzen 5,512,Windows
1159,789.0,Lenovo,AMD,16,4,0,0,141.21199808219862,AMD Ryzen 5,512,Windows
1160,549.0,Lenovo,AMD,20,2,0,0,100.45466986113651,Other AMD Processor,512,Windows
1161,338.0,Acer,AMD,16,4,0,0,157.3505121487356,MediaTek,64,Others/Chrome OS
1162,608.0,Acer,AMD,4,4,0,1,141.21199808219862,Other AMD Processor,128,Windows
1163,334.0,Acer,AMD,4,2,0,0,100.45466986113651,Other AMD Processor,128,Windows
1164,579.0,Acer,AMD,4,2,0,1,141.21199808219862,Other AMD Processor,128,Windows
1165,1708.0,Microsoft,AMD,8,4,1,0,200.84255993695703,Intel Core i5,512,Windows
1166,963.0,Acer,AMD,8,8,0,1,157.3505121487356,AMD Ryzen 7,512,Windows
1167,2106.0,Microsoft,AMD,8,8,1,0,199.98791074573595,AMD Ryzen 7,512,Windows
1168,1044.0,Dell,AMD,8,6,0,1,161.72539083525606,AMD Ryzen 5,512,Windows
1169,619.0,Acer,AMD,8,4,0,1,141.21199808219862,AMD Ryzen 5,512,Windows
1170,699.0,HP,AMD,8,4,0,0,106.11306214269258,Other AMD Processor,512,Windows
1171,1069.0,HP,AMD,16,8,0,0,157.3505121487356,Intel Core i7,512,Windows
1173,699.0,Dell,Intel,16,1,0,0,141.21199808219862,Intel Core i5,256,Windows
1174,568.0,HP,Intel,16,4,0,0,141.21199808219862,Intel Core i5,256,Windows
1175,1599.0,Samsung,Intel,16,10,0,0,141.21199808219862,Intel Core i5,256,Windows
1176,449.0,Acer,Intel,16,8,0,0,141.21199808219862,Intel Core i3,256,Windows
1177,679.0,Dell,Intel,16,10,0,0,141.21199808219862,Intel Core i3,256,Windows
1178,449.0,Dell,Intel,16,6,0,0,141.21199808219862,Intel Core i3,256,Windows
1179,459.0,HP,Intel,16,6,0,0,141.21199808219862,Intel Core i3,256,Windows
1180,855.0,Microsoft,AMD,16,4,0,0,180.75830394326132,AMD Ryzen 5,256,Windows
1181,1299.0,HP,AMD,16,8,0,0,157.3505121487356,Intel Core i7,2048,Windows
1182,890.0,Dell,Intel,16,10,0,0,141.21199808219862,Intel Core i7,2048,Windows
1183,859.0,Dell,AMD,16,8,0,0,141.21199808219862,AMD Ryzen 7,2048,Windows
1184,3906.0,Microsoft,NVIDIA,32,4,1,0,152.9796645890485,Intel Core i7,2048,Windows
1185,1049.0,Dell,Intel,32,2,0,0,141.21199808219862,Intel Core i3,2048,Windows
1186,1300.0,Dell,Intel,64,4,0,0,141.21199808219862,Intel Core i7,2048,Windows
1187,2131.0,Dell,AMD,64,8,1,0,161.72539083525606,AMD Ryzen 7,2048,Windows
1188,421.0,Samsung,Intel,2,2,0,0,135.0942111925629,Other Intel Processor,128,Others/Chrome OS
1189,495.0,Samsung,Intel,4,1,0,0,135.0942111925629,Intel Celeron,128,Others/Chrome OS
1190,738.0,Acer,Intel,4,4,0,0,94.14133205479908,Other Intel Processor,32,Others/Chrome OS
1191,219.0,Samsung,Intel,2,2,0,0,135.0942111925629,Intel Celeron,32,Others/Chrome OS
1192,480.0,Acer,Intel,8,2,0,0,141.21199808219862,Intel Celeron,128,Windows
1193,349.0,Acer,Intel,4,2,0,0,141.21199808219862,Intel Celeron,64,Windows
1194,649.0,Acer,AMD,8,4,0,1,157.3505121487356,Other AMD Processor,64,Others/Chrome OS
1195,349.0,Acer,Intel,16,2,0,0,141.21199808219862,Intel Celeron,64,Others/Chrome OS
1196,1699.0,Asus,Intel,4,14,0,0,141.21199808219862,Intel Core i9,1024,Windows
1197,1578.0,Asus,Intel,16,16,0,0,161.72539083525606,Intel Core i7,1024,Windows
1198,1235.0,Asus,Intel,16,1,0,0,141.21199808219862,Intel Core i7,1024,Windows
1199,1199.0,Asus,Intel,16,1,0,0,141.21199808219862,Intel Core i7,1024,Windows
1200,1368.0,Asus,Intel,16,1,0,0,141.21199808219862,Intel Core i7,1024,Windows
1201,1528.0,Asus,Intel,16,1,0,0,141.50971698084905,Intel Core i7,1024,Windows
1202,1601.0,Asus,Intel,16,1,0,0,141.50971698084905,Intel Core i7,1024,Windows
1203,2279.0,Asus,Intel,16,4,0,0,157.3505121487356,Intel Core i7,1024,Windows
1204,1899.0,Asus,Intel,16,1,0,0,137.68169813014364,Intel Core i5,1024,Windows
1205,1599.0,Asus,Intel,16,1,0,0,137.68169813014364,Intel Core i5,1024,Windows
1206,699.0,Asus,AMD,16,14,0,0,137.68169813014364,AMD Ryzen 5,1024,Windows
1207,1229.0,Dell,Intel,16,10,0,0,141.50971698084905,Intel Core i7,1024,Windows
1208,3499.0,Microsoft,NVIDIA,32,4,1,0,152.9796645890485,Intel Core i7,1024,Windows
1209,1104.0,Dell,AMD,8,6,0,1,161.72539083525606,AMD Ryzen 5,1024,Windows
1210,3229.0,Microsoft,Intel,16,4,1,0,200.84255993695703,Intel Core i7,1024,Windows
1212,1104.0,Dell,Intel,16,10,0,0,161.72539083525606,Intel Core i7,1024,Windows
1213,1375.0,Dell,Intel,16,14,0,1,188.67962264113206,Intel Core i7,1024,Windows
1214,1308.0,Dell,Intel,16,14,0,1,188.67962264113206,Intel Core i7,1024,Windows
1215,1239.0,HP,AMD,16,8,0,0,157.3505121487356,Intel Core i7,1024,Windows
1216,3119.0,Microsoft,Intel,16,10,1,0,201.2582641505409,Intel Core i7,1024,Windows
1217,810.0,Dell,Intel,16,10,0,0,141.21199808219862,Intel Core i7,1024,Windows
1219,2049.0,Samsung,Intel,16,1,1,0,137.68169813014364,Intel Core i7,1024,Windows
1220,779.0,Dell,Intel,16,4,0,0,141.21199808219862,Intel Core i5,1024,Windows
1221,1059.0,Dell,Intel,16,10,1,0,141.21199808219862,Intel Core i5,1024,Windows
1222,749.0,Dell,Intel,16,10,0,0,141.21199808219862,Intel Core i5,1024,Windows
1223,685.0,HP,Intel,16,2,1,0,100.45466986113651,Intel Core i3,1024,Windows
1224,749.0,Dell,AMD,16,8,0,0,141.21199808219862,AMD Ryzen 7,1024,Windows
1225,1669.0,Acer,AMD,16,1,0,0,275.3633962602873,AMD Ryzen 7,1024,Windows
1226,940.0,Dell,Intel,32,10,0,0,141.21199808219862,Intel Core i7,1024,Windows
1227,1199.0,Dell,Intel,32,10,0,0,137.68169813014364,Intel Core i7,1024,Windows
1228,1139.0,Dell,Intel,32,10,1,0,141.21199808219862,Intel Core i5,1024,Windows
1229,979.0,Dell,Intel,32,6,0,0,141.21199808219862,Intel Core i3,1024,Windows
1230,789.0,Dell,AMD,32,8,0,0,141.21199808219862,AMD Ryzen 7,1024,Windows
1231,1389.0,Dell,AMD,32,6,1,0,161.72539083525606,AMD Ryzen 5,1024,Windows
1232,1099.0,HP,AMD,32,6,1,0,141.21199808219862,AMD Ryzen 5,1024,Windows
1233,1120.0,Dell,Intel,64,4,0,0,141.21199808219862,Intel Core i7,1024,Windows
1234,1264.0,Dell,Intel,64,10,1,0,141.21199808219862,Intel Core i5,1024,Windows
1236,459.0,Lenovo,Intel,8,4,0,0,141.21199808219862,Other Intel Processor,256,Windows
1237,449.0,Lenovo,Intel,8,4,0,0,157.3505121487356,Intel Core i5,256,Windows
1238,889.0,Microsoft,Intel,8,1,0,0,267.3384360344031,Intel Core i5,256,Windows
1239,599.0,Lenovo,Intel,8,2,1,0,100.45466986113651,Intel Celeron,256,Windows
1240,698.0,Lenovo,AMD,8,6,0,0,157.3505121487356,AMD Ryzen 5,256,Windows
1241,499.0,Lenovo,Intel,12,4,0,0,141.21199808219862,Other Intel Processor,256,Windows
1242,549.0,Lenovo,AMD,16,6,1,0,161.72539083525606,Intel Core i3,256,Windows
1243,1899.0,Lenovo,Intel,16,4,1,1,157.3505121487356,Intel Core i7,2048,Windows
1244,1369.0,Lenovo,AMD,16,8,1,1,157.3505121487356,AMD Ryzen 7,2048,Windows
1245,1464.0,Lenovo,AMD,16,6,1,1,161.72539083525606,AMD Ryzen 5,2048,Windows
1246,2799.0,Lenovo,Intel,32,10,0,1,161.72539083525606,Intel Core i7,2048,Windows
1247,357.0,Lenovo,Intel,4,2,0,0,111.93520355955211,Other Intel Processor,128,Windows
1248,268.0,Lenovo,AMD,16,1,0,0,157.3505121487356,Other AMD Processor,128,Windows
1249,3326.0,Lenovo,NVIDIA,32,1,0,0,161.72539083525606,Intel Core i7,1024,Windows
1250,1379.0,Lenovo,Intel,16,4,0,0,223.62029350060098,Intel Core i7,1024,Windows
1251,2299.0,Lenovo,Intel,16,4,1,0,157.3505121487356,Intel Core i7,1024,Windows
1252,1349.0,Lenovo,Intel,16,10,1,0,137.68169813014364,Intel Core i7,1024,Windows
1253,1319.0,Lenovo,Intel,16,10,0,0,141.50971698084905,Intel Core i7,1024,Windows
1254,2934.0,Lenovo,NVIDIA,16,1,0,0,141.50971698084905,Intel Core i7,1024,Windows
1255,1629.0,Lenovo,Intel,16,10,0,0,141.50971698084905,Intel Core i7,1024,Windows
1256,999.0,Lenovo,AMD,16,8,1,0,161.72539083525606,AMD Ryzen 7,1024,Windows
1257,1349.0,Lenovo,AMD,16,8,1,1,157.3505121487356,AMD Ryzen 7,1024,Windows
1258,589.0,Lenovo,Intel,20,4,0,0,141.21199808219862,Other Intel Processor,1024,Windows
1259,5340.0,Lenovo,NVIDIA,32,1,0,0,188.67962264113208,Intel Core i9,1024,Windows
1260,1848.0,Lenovo,NVIDIA,32,4,1,1,157.3505121487356,Intel Core i7,1024,Windows
1261,1660.0,Lenovo,NVIDIA,32,4,0,1,157.3505121487356,Intel Core i7,1024,Windows
